game_id,date,city,country,title,game_number,full_title,package_number,template_title,level,theme,difficulty,format,league,venue,address,price,currency,status,teams_registered,teams_came,people_registered,team_count_with_results,url
0196d2f4-268e-718a-99ab-bc4e382666bf,2023-04-01T18:30:00,Баку,Азербайджан,"Квиз, плиз! BAKU",1,"Квиз, плиз! BAKU 1",1,"Квиз, плиз!",medium,,,,,SAFRANI,"Улица Бакиханова 29, Баку",15,₼,finished,0,0,0,25,https://baku.quizplease.com/game/0196d2f4-268e-718a-99ab-bc4e382666bf
0196d2f6-3925-7391-9731-0a21867d08d5,2023-04-14T20:00:00,Баку,Азербайджан,"Квиз, плиз! BAKU",2,"Квиз, плиз! BAKU 2",,"Квиз, плиз!",medium,,,,,SAFRANI,"Улица Бакиханова 29, Баку",15,₼,finished,0,0,0,19,https://baku.quizplease.com/game/0196d2f6-3925-7391-9731-0a21867d08d5
0196d2f7-6bd8-71fd-ad10-0c1ced0787ef,2023-04-21T20:00:00,Баку,Азербайджан,"Квиз, плиз! BAKU",3,"Квиз, плиз! BAKU 3",,"Квиз, плиз!",medium,,,,,SAFRANI,"Улица Бакиханова 29, Баку",15,₼,finished,0,0,0,25,https://baku.quizplease.com/game/0196d2f7-6bd8-71fd-ad10-0c1ced0787ef
0196d2f9-4a50-703b-b06e-34dadfc7a8d5,2023-04-28T20:00:00,Баку,Азербайджан,"Квиз, плиз! BAKU",4,"Квиз, плиз! BAKU 4",,"Квиз, плиз!",medium,,,,,SAFRANI,"Улица Бакиханова 29, Баку",15,₼,finished,0,0,0,23,https://baku.quizplease.com/game/0196d2f9-4a50-703b-b06e-34dadfc7a8d5
0196d2fa-afce-7063-b83f-ba3c06dd3bd2,2023-05-05T19:30:00,Баку,Азербайджан,"Квиз, плиз! BAKU",5,"Квиз, плиз! BAKU 5",,"Квиз, плиз!",medium,,,,,SAFRANI,"Улица Бакиханова 29, Баку",15,₼,finished,0,0,0,21,https://baku.quizplease.com/game/0196d2fa-afce-7063-b83f-ba3c06dd3bd2
0196d2fb-c399-7004-ba94-7992dbeb1aa1,2023-05-12T19:30:00,Баку,Азербайджан,"Квиз, плиз! BAKU",6,"Квиз, плиз! BAKU 6",,"Квиз, плиз!",medium,,,,,SAFRANI,"Улица Бакиханова 29, Баку",15,₼,finished,0,0,0,25,https://baku.quizplease.com/game/0196d2fb-c399-7004-ba94-7992dbeb1aa1
0196d2fc-e283-722c-8305-2c7f86c10575,2023-05-19T19:30:00,Баку,Азербайджан,"Квиз, плиз! BAKU",7,"Квиз, плиз! BAKU 7",,"Квиз, плиз!",medium,,,,,SAFRANI,"Улица Бакиханова 29, Баку",15,₼,finished,0,0,0,21,https://baku.quizplease.com/game/0196d2fc-e283-722c-8305-2c7f86c10575
0196d2fd-fba3-71eb-8e30-8495800d7a7b,2023-05-26T19:30:00,Баку,Азербайджан,"Квиз, плиз! BAKU",8,"Квиз, плиз! BAKU 8",818,"Квиз, плиз!",medium,,,,,SAFRANI,"Улица Бакиханова 29, Баку",15,₼,finished,0,0,0,22,https://baku.quizplease.com/game/0196d2fd-fba3-71eb-8e30-8495800d7a7b
0196d2fe-ec8a-7109-ba54-0b09611a36e7,2023-06-02T19:30:00,Баку,Азербайджан,"Квиз, плиз! BAKU",9,"Квиз, плиз! BAKU 9",779,"Квиз, плиз!",medium,,,,,SAFRANI,"Улица Бакиханова 29, Баку",15,₼,finished,0,0,0,23,https://baku.quizplease.com/game/0196d2fe-ec8a-7109-ba54-0b09611a36e7
0196d300-1ef2-710c-b284-5ebfcbed07e9,2023-06-09T19:30:00,Баку,Азербайджан,"Квиз, плиз! BAKU",10,"Квиз, плиз! BAKU 10",809,"Квиз, плиз!",medium,,,,,SAFRANI,"Улица Бакиханова 29, Баку",15,₼,finished,0,0,0,27,https://baku.quizplease.com/game/0196d300-1ef2-710c-b284-5ebfcbed07e9
0196d301-1ef0-70c8-aadc-704b4fead11f,2023-06-16T19:30:00,Баку,Азербайджан,"Квиз, плиз! BAKU",11,"Квиз, плиз! BAKU 11",803,"Квиз, плиз!",medium,,,,,SAFRANI,"Улица Бакиханова 29, Баку",15,₼,finished,0,0,0,19,https://baku.quizplease.com/game/0196d301-1ef0-70c8-aadc-704b4fead11f
0196d301-ddb5-7220-80fc-4dc21a9d2ad7,2023-06-23T19:30:00,Баку,Азербайджан,[кино и музыка] BAKU,1,[кино и музыка] BAKU 1,,[кино и музыка],medium,,,,,SAFRANI,"Улица Бакиханова 29, Баку",15,₼,finished,0,0,0,19,https://baku.quizplease.com/game/0196d301-ddb5-7220-80fc-4dc21a9d2ad7
0196d303-2dcc-737f-aff8-94d3ecf57f1f,2023-06-30T19:30:00,Баку,Азербайджан,"Квиз, плиз! BAKU",12,"Квиз, плиз! BAKU 12",,"Квиз, плиз!",medium,,,,,SAFRANI,"Улица Бакиханова 29, Баку",15,₼,finished,0,0,0,15,https://baku.quizplease.com/game/0196d303-2dcc-737f-aff8-94d3ecf57f1f
0196d303-f86e-73b6-a3d6-224e014f9546,2023-07-07T19:30:00,Баку,Азербайджан,"Квиз, плиз! BAKU",13,"Квиз, плиз! BAKU 13",,"Квиз, плиз!",medium,,,,,SAFRANI,"Улица Бакиханова 29, Баку",15,₼,finished,0,0,0,21,https://baku.quizplease.com/game/0196d303-f86e-73b6-a3d6-224e014f9546
0196d305-1afe-73cf-8055-0483ca38b6e1,2023-07-14T19:30:00,Баку,Азербайджан,"Квиз, плиз! BAKU",14,"Квиз, плиз! BAKU 14",,"Квиз, плиз!",medium,,,,,SAFRANI,"Улица Бакиханова 29, Баку",15,₼,finished,0,0,0,23,https://baku.quizplease.com/game/0196d305-1afe-73cf-8055-0483ca38b6e1
0196d306-0e3f-712d-9583-8aa5c9581edb,2023-07-21T19:30:00,Баку,Азербайджан,"Квиз, плиз! BAKU",15,"Квиз, плиз! BAKU 15",,"Квиз, плиз!",medium,,,,,SAFRANI,"Улица Бакиханова 29, Баку",15,₼,finished,0,0,0,24,https://baku.quizplease.com/game/0196d306-0e3f-712d-9583-8aa5c9581edb
0196d306-e527-706e-82b9-31a5f0edc73a,2023-07-28T19:30:00,Баку,Азербайджан,"Квиз, плиз! BAKU",16,"Квиз, плиз! BAKU 16",851,"Квиз, плиз!",medium,,,,,VASILCHUKÍ Чайхона №1,"ТЦ ""Дениз Молл"", 26А, Проспект Нефтяников, Баку",15,₼,finished,0,0,0,14,https://baku.quizplease.com/game/0196d306-e527-706e-82b9-31a5f0edc73a
0196d307-0e7c-7208-b703-6bb0796a74b7,2023-08-04T19:30:00,Баку,Азербайджан,"Квиз, плиз! BAKU",17,"Квиз, плиз! BAKU 17",,"Квиз, плиз!",medium,,,,,SAFRANI,"Улица Бакиханова 29, Баку",15,₼,finished,0,0,0,26,https://baku.quizplease.com/game/0196d307-0e7c-7208-b703-6bb0796a74b7
0196d307-eee9-71b1-858f-0d2eceedb269,2023-08-11T19:30:00,Баку,Азербайджан,"Квиз, плиз! BAKU",18,"Квиз, плиз! BAKU 18",,"Квиз, плиз!",medium,,,,,SAFRANI,"Улица Бакиханова 29, Баку",15,₼,finished,0,0,0,18,https://baku.quizplease.com/game/0196d307-eee9-71b1-858f-0d2eceedb269
0196d308-e339-733d-828f-8b360c5b3de4,2023-08-18T19:30:00,Баку,Азербайджан,"Квиз, плиз! BAKU",19,"Квиз, плиз! BAKU 19",,"Квиз, плиз!",medium,,,,,SAFRANI,"Улица Бакиханова 29, Баку",15,₼,finished,0,0,0,18,https://baku.quizplease.com/game/0196d308-e339-733d-828f-8b360c5b3de4
0196d309-49bb-73ea-a516-75274f9b5018,2023-08-25T19:30:00,Баку,Азербайджан,"Квиз, плиз! BAKU",20,"Квиз, плиз! BAKU 20",,"Квиз, плиз!",medium,,,,,SAFRANI,"Улица Бакиханова 29, Баку",15,₼,finished,0,0,0,21,https://baku.quizplease.com/game/0196d309-49bb-73ea-a516-75274f9b5018
0196d30b-e0f0-7025-8dda-c99a63ff105c,2023-09-01T19:30:00,Баку,Азербайджан,"Квиз, плиз! BAKU",21,"Квиз, плиз! BAKU 21",,"Квиз, плиз!",medium,,,,,SAFRANI,"Улица Бакиханова 29, Баку",15,₼,finished,0,0,0,24,https://baku.quizplease.com/game/0196d30b-e0f0-7025-8dda-c99a63ff105c
0196d30c-f028-7119-92b5-810ea357f11c,2023-09-08T19:30:00,Баку,Азербайджан,"Квиз, плиз! BAKU",22,"Квиз, плиз! BAKU 22",,"Квиз, плиз!",medium,,,,,SAFRANI,"Улица Бакиханова 29, Баку",15,₼,finished,0,0,0,22,https://baku.quizplease.com/game/0196d30c-f028-7119-92b5-810ea357f11c
0196d30d-9e1b-737f-9b70-d14dfada58e0,2023-09-12T19:30:00,Баку,Азербайджан,[кино и музыка] BAKU,2,[кино и музыка] BAKU 2,ким2,[кино и музыка],medium,,,,,VASILCHUKÍ Чайхона №1,"ТЦ ""Дениз Молл"", 26А, Проспект Нефтяников, Баку",15,₼,finished,0,0,0,15,https://baku.quizplease.com/game/0196d30d-9e1b-737f-9b70-d14dfada58e0
0196d30d-d787-73ec-853d-774530c091a6,2023-09-15T19:30:00,Баку,Азербайджан,"Квиз, плиз! BAKU",23,"Квиз, плиз! BAKU 23",классика23,"Квиз, плиз!",medium,,,,,SAFRANI,"Улица Бакиханова 29, Баку",15,₼,finished,0,0,0,21,https://baku.quizplease.com/game/0196d30d-d787-73ec-853d-774530c091a6
0196d30e-d9dd-72fc-b9ee-c02cef30f75f,2023-09-22T19:30:00,Баку,Азербайджан,"Квиз, плиз! BAKU",24,"Квиз, плиз! BAKU 24",классика24,"Квиз, плиз!",medium,,,,,SAFRANI,"Улица Бакиханова 29, Баку",15,₼,finished,0,0,0,0,https://baku.quizplease.com/game/0196d30e-d9dd-72fc-b9ee-c02cef30f75f
0196d310-0c19-7216-8ecb-1f0b658ffe0a,2023-09-29T19:30:00,Баку,Азербайджан,"Квиз, плиз! BAKU",25,"Квиз, плиз! BAKU 25",классика25,"Квиз, плиз!",medium,,,,,SAFRANI,"Улица Бакиханова 29, Баку",15,₼,finished,0,0,0,21,https://baku.quizplease.com/game/0196d310-0c19-7216-8ecb-1f0b658ffe0a
0196d311-1c1d-72de-bd46-758605122831,2023-10-06T19:30:00,Баку,Азербайджан,"Квиз, плиз! BAKU",26,"Квиз, плиз! BAKU 26",Классика26,"Квиз, плиз!",medium,,,,,SAFRANI,"Улица Бакиханова 29, Баку",15,₼,finished,0,0,0,20,https://baku.quizplease.com/game/0196d311-1c1d-72de-bd46-758605122831
0196d311-f4e5-70da-9123-e7d2dbca4848,2023-10-10T19:30:00,Баку,Азербайджан,[music party] рашн эдишн BAKU,1,[music party] рашн эдишн BAKU 1,мюзикпатирашнэдишн1,[music party] только русское,light,песни на русском,нормальная,"8 раундов, 2 часа",кино и музыка,BALAGAN,"г. Баку, улица Хагани 103",15,₼,finished,0,0,0,16,https://baku.quizplease.com/game/0196d311-f4e5-70da-9123-e7d2dbca4848
0196d312-79e9-70e1-9830-ea4f570ddb7e,2023-10-13T19:30:00,Баку,Азербайджан,"Квиз, плиз! BAKU",27,"Квиз, плиз! BAKU 27",классика27,"Квиз, плиз!",medium,,,,,SAFRANI,"Улица Бакиханова 29, Баку",15,₼,finished,0,0,0,23,https://baku.quizplease.com/game/0196d312-79e9-70e1-9830-ea4f570ddb7e
0196d312-c8e6-70d0-9e53-507600edb6c1,2023-10-17T19:30:00,Баку,Азербайджан,[кино и музыка] BAKU,3,[кино и музыка] BAKU 3,ким3,[кино и музыка],medium,,,,,SAFRANI,"Улица Бакиханова 29, Баку",15,₼,finished,0,0,0,13,https://baku.quizplease.com/game/0196d312-c8e6-70d0-9e53-507600edb6c1
0196d312-879b-73a5-9b30-7dfa72657ce6,2023-10-20T19:30:00,Баку,Азербайджан,"Квиз, плиз! BAKU",28,"Квиз, плиз! BAKU 28",классика28,"Квиз, плиз!",medium,,,,,SAFRANI,"Улица Бакиханова 29, Баку",15,₼,finished,0,0,0,23,https://baku.quizplease.com/game/0196d312-879b-73a5-9b30-7dfa72657ce6
0196d314-ba6c-7246-a2f8-f6a97e330a4c,2023-10-27T19:30:00,Баку,Азербайджан,"Квиз, плиз! BAKU",29,"Квиз, плиз! BAKU 29",классика29,"Квиз, плиз!",medium,,,,,SAFRANI,"Улица Бакиханова 29, Баку",15,₼,finished,0,0,0,24,https://baku.quizplease.com/game/0196d314-ba6c-7246-a2f8-f6a97e330a4c
0196d312-86fc-72f1-8901-d76bd6fd572d,2023-10-31T19:30:00,Баку,Азербайджан,[HALLOWEEN] BAKU,1,[HALLOWEEN] BAKU 1,хэллоуин1,[HALLOWEEN],medium,,,,,SAFRANI,"Улица Бакиханова 29, Баку",15,₼,finished,0,0,0,19,https://baku.quizplease.com/game/0196d312-86fc-72f1-8901-d76bd6fd572d
0196d315-cfd3-705a-9f85-5ac403de5461,2023-11-03T19:30:00,Баку,Азербайджан,"Квиз, плиз! BAKU",30,"Квиз, плиз! BAKU 30",классика30,"Квиз, плиз!",medium,,,,,SAFRANI,"Улица Бакиханова 29, Баку",15,₼,finished,0,0,0,22,https://baku.quizplease.com/game/0196d315-cfd3-705a-9f85-5ac403de5461
0196d315-d1ba-7192-87cc-010bc1666b13,2023-11-07T19:30:00,Баку,Азербайджан,[music party] BAKU,1,[music party] BAKU 1,musicparty1,[music party],medium,музыка,нормальная,"8 раундов, 2 часа",кино и музыка,BALAGAN,"г. Баку, улица Хагани 103",15,₼,finished,0,0,0,17,https://baku.quizplease.com/game/0196d315-d1ba-7192-87cc-010bc1666b13
0196d317-581c-7372-8a74-919ae709a34c,2023-11-10T19:30:00,Баку,Азербайджан,"Квиз, плиз! BAKU",31,"Квиз, плиз! BAKU 31",Классика31,"Квиз, плиз!",medium,,,,,SAFRANI,"Улица Бакиханова 29, Баку",15,₼,finished,0,0,0,20,https://baku.quizplease.com/game/0196d317-581c-7372-8a74-919ae709a34c
0196d318-95da-719e-a29e-962f914b7cda,2023-11-17T19:30:00,Баку,Азербайджан,"Квиз, плиз! BAKU",32,"Квиз, плиз! BAKU 32",Классика32,"Квиз, плиз!",medium,,,,,SAFRANI,"Улица Бакиханова 29, Баку",15,₼,finished,0,0,0,26,https://baku.quizplease.com/game/0196d318-95da-719e-a29e-962f914b7cda
0196d317-6bad-73dc-b1e5-470b3571cfd9,2023-11-21T19:30:00,Баку,Азербайджан,[шазам] BAKU,1,[шазам] BAKU 1,шазам1,[шазам],medium,,,,,BALAGAN,"г. Баку, улица Хагани 103",15,₼,finished,0,0,0,17,https://baku.quizplease.com/game/0196d317-6bad-73dc-b1e5-470b3571cfd9
0196d319-855b-7303-bff5-afa189bfc4c4,2023-11-24T19:30:00,Баку,Азербайджан,"Квиз, плиз! BAKU",33,"Квиз, плиз! BAKU 33",классика33,"Квиз, плиз!",medium,,,,,SAFRANI,"Улица Бакиханова 29, Баку",15,₼,finished,0,0,0,23,https://baku.quizplease.com/game/0196d319-855b-7303-bff5-afa189bfc4c4
0196d31a-cdde-70d4-ae58-4ca5fe3e4456,2023-12-01T19:30:00,Баку,Азербайджан,ОТКРЫТИЕ ЗИМНЕГО СЕЗОНА [финал] BAKU,34,ОТКРЫТИЕ ЗИМНЕГО СЕЗОНА [финал] BAKU 34,осзима2024,ОТКРЫТИЕ ЗИМНЕГО СЕЗОНА,hard,обо всём,посложнее,"7 раундов, 2,5 часа",классика,SAFRANI,"Улица Бакиханова 29, Баку",15,₼,finished,0,0,0,15,https://baku.quizplease.com/game/0196d31a-cdde-70d4-ae58-4ca5fe3e4456
019701e3-a048-73de-89da-28df875b5e5e,2023-12-05T19:30:00,Баку,Азербайджан,"Квиз, плиз! [зумеры vs бумеры] BAKU",1,"Квиз, плиз! [зумеры vs бумеры] BAKU 1",зумерыбумеры1,[зумеры vs бумеры],medium,битва поколений,нормальная,"7 раундов, 2 часа",классика,SAFRANI,"Улица Бакиханова 29, Баку",15,₼,finished,0,0,0,12,https://baku.quizplease.com/game/019701e3-a048-73de-89da-28df875b5e5e
0196d31a-ce80-71c7-889e-4454e58d04b8,2023-12-08T19:30:00,Баку,Азербайджан,"Квиз, плиз! BAKU",35,"Квиз, плиз! BAKU 35",классика35,"Квиз, плиз!",medium,,,,,SAFRANI,"Улица Бакиханова 29, Баку",15,₼,finished,0,0,0,19,https://baku.quizplease.com/game/0196d31a-ce80-71c7-889e-4454e58d04b8
0196d31c-0e9c-7234-95df-b44a5d74093f,2023-12-15T19:30:00,Баку,Азербайджан,"Квиз, плиз! BAKU",36,"Квиз, плиз! BAKU 36",,"Квиз, плиз!",medium,,,,,SAFRANI,"Улица Бакиханова 29, Баку",15,₼,finished,0,0,0,19,https://baku.quizplease.com/game/0196d31c-0e9c-7234-95df-b44a5d74093f
0196d31d-2529-70de-a2c8-8899d5a5dbbd,2023-12-19T19:30:00,Баку,Азербайджан,[кино и музыка] Happy New Year BAKU,1,[кино и музыка] Happy New Year BAKU 1,,[кино и музыка] Happy New Year,medium,,,,,SAFRANI,"Улица Бакиханова 29, Баку",15,₼,finished,0,0,0,17,https://baku.quizplease.com/game/0196d31d-2529-70de-a2c8-8899d5a5dbbd
0196d31d-ec55-725d-af80-1dee54def551,2023-12-22T19:30:00,Баку,Азербайджан,[HELLO 2024] BAKU,1,[HELLO 2024] BAKU 1,hello2024,[HELLO 2024],medium,,,,,SAFRANI,"Улица Бакиханова 29, Баку",15,₼,finished,0,0,0,23,https://baku.quizplease.com/game/0196d31d-ec55-725d-af80-1dee54def551
0196d31d-f164-710c-8261-0b9fdb4a9a4e,2024-01-12T19:30:00,Баку,Азербайджан,"Квиз, плиз! BAKU",37,"Квиз, плиз! BAKU 37",классика37,"Квиз, плиз!",medium,,,,,SAFRANI,"Улица Бакиханова 29, Баку",15,₼,finished,0,0,0,22,https://baku.quizplease.com/game/0196d31d-f164-710c-8261-0b9fdb4a9a4e
0196d323-39ce-7347-b2b5-a0a7f66c3607,2024-01-19T19:30:00,Баку,Азербайджан,"Квиз, плиз! BAKU",38,"Квиз, плиз! BAKU 38",Классика38,"Квиз, плиз!",medium,,,,,SAFRANI,"Улица Бакиханова 29, Баку",15,₼,finished,0,0,0,25,https://baku.quizplease.com/game/0196d323-39ce-7347-b2b5-a0a7f66c3607
0196d324-9982-706c-bd4b-0fa48b3cbae0,2024-01-26T19:30:00,Баку,Азербайджан,"Квиз, плиз! BAKU",39,"Квиз, плиз! BAKU 39",классика39,"Квиз, плиз!",medium,,,,,SAFRANI,"Улица Бакиханова 29, Баку",15,₼,finished,0,0,0,24,https://baku.quizplease.com/game/0196d324-9982-706c-bd4b-0fa48b3cbae0
0196d324-44cd-7219-a13f-99b91a315cbc,2024-01-30T19:30:00,Баку,Азербайджан,[про кино] Гарри Поттер BAKU,1,[про кино] Гарри Поттер BAKU 1,гаррипоттер1,[про кино] Гарри Поттер,medium,,,,,SAFRANI,"Улица Бакиханова 29, Баку",15,₼,finished,0,0,0,35,https://baku.quizplease.com/game/0196d324-44cd-7219-a13f-99b91a315cbc
0196d325-c4b4-70be-a36a-03508e738435,2024-02-02T19:30:00,Баку,Азербайджан,"Квиз, плиз! BAKU",40,"Квиз, плиз! BAKU 40",классика40,"Квиз, плиз!",medium,,,,,SAFRANI,"Улица Бакиханова 29, Баку",15,₼,finished,0,0,0,21,https://baku.quizplease.com/game/0196d325-c4b4-70be-a36a-03508e738435
0196d327-61ce-7172-83b6-161853b83c6f,2024-02-09T19:30:00,Баку,Азербайджан,"Квиз, плиз! BAKU",41,"Квиз, плиз! BAKU 41",классика41,"Квиз, плиз!",medium,,,,,SAFRANI,"Улица Бакиханова 29, Баку",15,₼,finished,0,0,0,28,https://baku.quizplease.com/game/0196d327-61ce-7172-83b6-161853b83c6f
0196d327-0d76-7192-812a-99020cf3850c,2024-02-13T19:30:00,Баку,Азербайджан,[music party] BAKU,2,[music party] BAKU 2,мюзикпати2,[music party],medium,музыка,нормальная,"8 раундов, 2 часа",кино и музыка,SAFRANI,"Улица Бакиханова 29, Баку",15,₼,finished,0,0,0,17,https://baku.quizplease.com/game/0196d327-0d76-7192-812a-99020cf3850c
0196d328-e4f6-7067-a023-0bc2acbbf8fc,2024-02-16T19:30:00,Баку,Азербайджан,"Квиз, плиз! BAKU",42,"Квиз, плиз! BAKU 42",классика42,"Квиз, плиз!",medium,,,,,SAFRANI,"Улица Бакиханова 29, Баку",15,₼,finished,0,0,0,27,https://baku.quizplease.com/game/0196d328-e4f6-7067-a023-0bc2acbbf8fc
0196d329-fe1a-7377-8d4f-27abe7a79e7a,2024-02-23T19:30:00,Баку,Азербайджан,"Квиз, плиз! BAKU",43,"Квиз, плиз! BAKU 43",классика43,"Квиз, плиз!",medium,,,,,SAFRANI,"Улица Бакиханова 29, Баку",15,₼,finished,0,0,0,28,https://baku.quizplease.com/game/0196d329-fe1a-7377-8d4f-27abe7a79e7a
0196d32b-0786-718f-bb24-da827494889e,2024-03-01T19:30:00,Баку,Азербайджан,ОТКРЫТИЕ ВЕСЕННЕГО СЕЗОНА [финал] BAKU,44,ОТКРЫТИЕ ВЕСЕННЕГО СЕЗОНА [финал] BAKU 44,освесна2024,ОТКРЫТИЕ ВЕСЕННЕГО СЕЗОНА,hard,обо всём,посложнее,"7 раундов, 2,5 часа",классика,SAFRANI,"Улица Бакиханова 29, Баку",15,₼,finished,0,0,0,15,https://baku.quizplease.com/game/0196d32b-0786-718f-bb24-da827494889e
0196d32b-0821-723a-8346-db52e828ce62,2024-03-08T19:30:00,Баку,Азербайджан,"Квиз, плиз! BAKU",45,"Квиз, плиз! BAKU 45",классика45,"Квиз, плиз!",medium,,,,,SAFRANI,"Улица Бакиханова 29, Баку",15,₼,finished,0,0,0,18,https://baku.quizplease.com/game/0196d32b-0821-723a-8346-db52e828ce62
0196d32e-125d-71fa-b902-05e248ebf105,2024-03-12T19:30:00,Баку,Азербайджан,[music party] BAKU,3,[music party] BAKU 3,мюзикпати3,[music party],medium,музыка,нормальная,"8 раундов, 2 часа",кино и музыка,SAFRANI,"Улица Бакиханова 29, Баку",15,₼,finished,0,0,0,13,https://baku.quizplease.com/game/0196d32e-125d-71fa-b902-05e248ebf105
0196d32e-877b-70a3-9065-c243d82221a3,2024-03-15T19:30:00,Баку,Азербайджан,"Квиз, плиз! BAKU",46,"Квиз, плиз! BAKU 46",Классика46,"Квиз, плиз!",medium,,,,,SAFRANI,"Улица Бакиханова 29, Баку",15,₼,finished,0,0,0,23,https://baku.quizplease.com/game/0196d32e-877b-70a3-9065-c243d82221a3
0196d32e-d3d2-7077-93e6-b4503bc06384,2024-03-22T19:30:00,Баку,Азербайджан,"Квиз, плиз! BAKU",47,"Квиз, плиз! BAKU 47",классика47,"Квиз, плиз!",medium,,,,,SAFRANI,"Улица Бакиханова 29, Баку",15,₼,finished,0,0,0,25,https://baku.quizplease.com/game/0196d32e-d3d2-7077-93e6-b4503bc06384
0196d32e-84a4-71d2-9ddf-a4074f834bde,2024-03-26T19:30:00,Баку,Азербайджан,[про кино] Гарри Поттер BAKU,2,[про кино] Гарри Поттер BAKU 2,гаррипоттерпрокино2,[про кино] Гарри Поттер,medium,,,,,SAFRANI,"Улица Бакиханова 29, Баку",15,₼,finished,0,0,0,22,https://baku.quizplease.com/game/0196d32e-84a4-71d2-9ddf-a4074f834bde
0196d32e-d49a-701d-9451-9f2caf65ba41,2024-03-29T19:30:00,Баку,Азербайджан,"Квиз, плиз! BAKU",48,"Квиз, плиз! BAKU 48",классика48,"Квиз, плиз!",medium,,,,,SAFRANI,"Улица Бакиханова 29, Баку",15,₼,finished,0,0,0,20,https://baku.quizplease.com/game/0196d32e-d49a-701d-9451-9f2caf65ba41
0196d32e-d6fc-7327-a5e9-0323415f23ae,2024-04-02T19:34:00,Баку,Азербайджан,"Квиз, плиз! [WTF] BAKU",1,"Квиз, плиз! [WTF] BAKU 1",wtf1,"Квиз, плиз! [WTF]",extra_hard,про всё,лёгкая,"8 раундов, 2 часа",вне рейтинга,Beer Hall ,"Баку, Сабаильский р-он, Агиль Гулиев 11",15,₼,finished,0,0,0,0,https://baku.quizplease.com/game/0196d32e-d6fc-7327-a5e9-0323415f23ae
0196d32f-2ec8-7181-a6d2-2ac75ba2e85d,2024-04-05T19:30:00,Баку,Азербайджан,[Happy Birthday] BAKU,1,[Happy Birthday] BAKU 1,классикахэппи1,[Happy Birthday],medium,,,,,SAFRANI,"Улица Бакиханова 29, Баку",15,₼,finished,0,0,0,18,https://baku.quizplease.com/game/0196d32f-2ec8-7181-a6d2-2ac75ba2e85d
0196d3ac-6347-70e5-86ea-930d2a309967,2024-04-09T19:30:00,Баку,Азербайджан,[телеигры] BAKU,1,[телеигры] BAKU 1,телеигры1,[телеигры],medium,телеигры,нормальная,"7 раундов, 2 часа",классика,Beer Hall ,"Баку, Сабаильский р-он, Агиль Гулиев 11",15,₼,finished,0,0,0,11,https://baku.quizplease.com/game/0196d3ac-6347-70e5-86ea-930d2a309967
0196d3ad-db7f-71c1-9bde-25a07bcdc5fc,2024-04-12T19:30:00,Баку,Азербайджан,"Квиз, плиз! BAKU",49,"Квиз, плиз! BAKU 49",классика49,"Квиз, плиз!",medium,,,,,SAFRANI,"Улица Бакиханова 29, Баку",15,₼,finished,0,0,0,20,https://baku.quizplease.com/game/0196d3ad-db7f-71c1-9bde-25a07bcdc5fc
0196d3ae-0a7f-70a8-9749-32f1e87869a4,2024-04-16T19:30:00,Баку,Азербайджан,[music party] BAKU,4,[music party] BAKU 4,мюзикпати4,[music party],medium,музыка,нормальная,"8 раундов, 2 часа",кино и музыка,BALAGAN,"г. Баку, улица Хагани 103",15,₼,finished,0,0,0,17,https://baku.quizplease.com/game/0196d3ae-0a7f-70a8-9749-32f1e87869a4
0196d3af-11d3-73f2-bc39-ffbf39dddb1d,2024-04-19T19:30:00,Баку,Азербайджан,"Квиз, плиз! BAKU",50,"Квиз, плиз! BAKU 50",классика50,"Квиз, плиз!",medium,,,,,SAFRANI,"Улица Бакиханова 29, Баку",15,₼,finished,0,0,0,23,https://baku.quizplease.com/game/0196d3af-11d3-73f2-bc39-ffbf39dddb1d
0196d3b0-86e3-7212-b0b3-10c348349d11,2024-04-26T19:30:00,Баку,Азербайджан,"Квиз, плиз! BAKU",51,"Квиз, плиз! BAKU 51",классика 51,"Квиз, плиз!",medium,,,,,SAFRANI,"Улица Бакиханова 29, Баку",15,₼,finished,0,0,0,20,https://baku.quizplease.com/game/0196d3b0-86e3-7212-b0b3-10c348349d11
0196d3b0-80fd-720b-8502-91f6023eb058,2024-04-30T19:30:00,Баку,Азербайджан,[караоке] BAKU,1,[караоке] BAKU 1,Караоке1,[караоке],light,музыка,лёгкая,"7 раундов, 2 часа",кино и музыка,BALAGAN,"г. Баку, улица Хагани 103",15,₼,finished,0,0,0,14,https://baku.quizplease.com/game/0196d3b0-80fd-720b-8502-91f6023eb058
0196d3b2-6c87-72c9-91c4-5e24f0c664be,2024-05-03T19:30:00,Баку,Азербайджан,"Квиз, плиз! BAKU",52,"Квиз, плиз! BAKU 52",классика52,"Квиз, плиз!",medium,,,,,SAFRANI,"Улица Бакиханова 29, Баку",15,₼,finished,0,0,0,18,https://baku.quizplease.com/game/0196d3b2-6c87-72c9-91c4-5e24f0c664be
0196d3b4-118e-73e2-946a-1accd67ddceb,2024-05-10T19:30:00,Баку,Азербайджан,"Квиз, плиз! BAKU",53,"Квиз, плиз! BAKU 53",классика53,"Квиз, плиз!",medium,,,,,SAFRANI,"Улица Бакиханова 29, Баку",15,₼,finished,0,0,0,17,https://baku.quizplease.com/game/0196d3b4-118e-73e2-946a-1accd67ddceb
0196d3b2-7d2c-72b9-9240-9d0e81d36769,2024-05-12T12:30:00,Баку,Азербайджан,"Квиз, плиз! [Wake up] BAKU",1,"Квиз, плиз! [Wake up] BAKU 1",wakeup1,"Квиз, плиз! [Wake up]",medium,,,,,BALAGAN,"г. Баку, улица Хагани 103",15,₼,finished,0,0,0,5,https://baku.quizplease.com/game/0196d3b2-7d2c-72b9-9240-9d0e81d36769
0196d3b5-0d63-7031-8775-edf9093b5c06,2024-05-15T19:30:00,Баку,Азербайджан,[видеоигры] BAKU,1,[видеоигры] BAKU 1,Видеоигры1,[видеоигры],medium,видеоигры,нормальная,"7 раундов, 2 часа",классика,SAFRANI,"Улица Бакиханова 29, Баку",15,₼,finished,0,0,0,9,https://baku.quizplease.com/game/0196d3b5-0d63-7031-8775-edf9093b5c06
0196d3b5-8854-7138-81ea-87cb03f9b4cb,2024-05-17T19:30:00,Баку,Азербайджан,"Квиз, плиз! BAKU",54,"Квиз, плиз! BAKU 54",Классрка54,"Квиз, плиз!",medium,,,,,SAFRANI,"Улица Бакиханова 29, Баку",15,₼,finished,0,0,0,22,https://baku.quizplease.com/game/0196d3b5-8854-7138-81ea-87cb03f9b4cb
019701ec-cc8c-7306-951c-9b3c73eb0c70,2024-05-21T19:30:00,Баку,Азербайджан,[рок vs попса] BAKU,1,[рок vs попса] BAKU 1,рокпопса1,[рок vs попса],medium,,,,,BALAGAN,"г. Баку, улица Хагани 103",15,₼,finished,0,0,0,21,https://baku.quizplease.com/game/019701ec-cc8c-7306-951c-9b3c73eb0c70
0196d3b6-da47-71c0-8a56-8252a597111c,2024-05-24T19:30:00,Баку,Азербайджан,"Квиз, плиз! BAKU",55,"Квиз, плиз! BAKU 55",Классика55,"Квиз, плиз!",medium,,,,,SAFRANI,"Улица Бакиханова 29, Баку",15,₼,finished,0,0,0,14,https://baku.quizplease.com/game/0196d3b6-da47-71c0-8a56-8252a597111c
0196d3b9-352f-7111-a45e-2a028573e5d3,2024-05-31T19:30:00,Баку,Азербайджан,ОТКРЫТИЕ ЛЕТНЕГО СЕЗОНА [финал] BAKU,56,ОТКРЫТИЕ ЛЕТНЕГО СЕЗОНА [финал] BAKU 56,ос56,ОТКРЫТИЕ ЛЕТНЕГО СЕЗОНА,hard,обо всём,посложнее,"7 раундов, 2,5 часа",классика,SAFRANI,"Улица Бакиханова 29, Баку",15,₼,finished,0,0,0,13,https://baku.quizplease.com/game/0196d3b9-352f-7111-a45e-2a028573e5d3
0196d3b7-f759-7251-ace5-449a766b13ce,2024-06-04T19:30:00,Баку,Азербайджан,[music party] BAKU,5,[music party] BAKU 5,Мюзикпати5,[music party],medium,музыка,нормальная,"8 раундов, 2 часа",кино и музыка,BALAGAN,"г. Баку, улица Хагани 103",15,₼,finished,0,0,0,14,https://baku.quizplease.com/game/0196d3b7-f759-7251-ace5-449a766b13ce
0196d3b8-5d57-7381-a4c2-01c043c799df,2024-06-07T19:30:00,Баку,Азербайджан,"Квиз, плиз! BAKU",57,"Квиз, плиз! BAKU 57",классика57,"Квиз, плиз!",medium,,,,,SAFRANI,"Улица Бакиханова 29, Баку",15,₼,finished,0,0,0,21,https://baku.quizplease.com/game/0196d3b8-5d57-7381-a4c2-01c043c799df
0196d3bb-5a9e-7395-870e-40bbc62724aa,2024-06-14T19:30:00,Баку,Азербайджан,"Квиз, плиз! BAKU",58,"Квиз, плиз! BAKU 58",Классика58,"Квиз, плиз!",medium,,,,,SAFRANI,"Улица Бакиханова 29, Баку",15,₼,finished,0,0,0,21,https://baku.quizplease.com/game/0196d3bb-5a9e-7395-870e-40bbc62724aa
0196d3ba-ab04-7221-99e2-44d9cc9578d8,2024-06-18T19:30:00,Баку,Азербайджан,[я из 2000-х] BAKU,1,[я из 2000-х] BAKU 1,яиз20001,[я из 2000-х],medium,,,,,BALAGAN,"г. Баку, улица Хагани 103",15,₼,finished,0,0,0,17,https://baku.quizplease.com/game/0196d3ba-ab04-7221-99e2-44d9cc9578d8
0196d3bc-bbfd-739d-92a7-141e97d359aa,2024-06-21T19:30:00,Баку,Азербайджан,"Квиз, плиз! BAKU",59,"Квиз, плиз! BAKU 59",Классика59,"Квиз, плиз!",medium,,,,,SAFRANI,"Улица Бакиханова 29, Баку",15,₼,finished,0,0,0,16,https://baku.quizplease.com/game/0196d3bc-bbfd-739d-92a7-141e97d359aa
0196d3bb-ce34-7004-a410-6f0b2252a6c2,2024-06-25T19:30:00,Баку,Азербайджан,[шазам] BAKU,2,[шазам] BAKU 2,шазам2,[шазам],medium,,,,,BALAGAN,"г. Баку, улица Хагани 103",15,₼,finished,0,0,0,14,https://baku.quizplease.com/game/0196d3bb-ce34-7004-a410-6f0b2252a6c2
0196d3bc-bd2b-7275-95a9-c3826b18338a,2024-06-28T19:30:00,Баку,Азербайджан,"Квиз, плиз! BAKU",60,"Квиз, плиз! BAKU 60",Классика60,"Квиз, плиз!",medium,,,,,SAFRANI,"Улица Бакиханова 29, Баку",15,₼,finished,0,0,0,17,https://baku.quizplease.com/game/0196d3bc-bd2b-7275-95a9-c3826b18338a
019d446e-9c8b-71f5-9b76-96a581f37acd,2024-07-09T15:30:00,Баку,Азербайджан,"Квиз, плиз! BAKU",61,"Квиз, плиз! BAKU 61",Классика61,"Квиз, плиз!",medium,,,,,,,15,₼,finished,0,0,0,17,https://baku.quizplease.com/game/019d446e-9c8b-71f5-9b76-96a581f37acd
0196d3c2-36e8-7123-b745-32e31377a543,2024-07-16T19:30:00,Баку,Азербайджан,"Квиз, плиз! BAKU",62,"Квиз, плиз! BAKU 62",классика62,"Квиз, плиз!",medium,,,,,Palato cafe,"Bashir Safaroglu 184, Baku",15,₼,finished,0,0,0,13,https://baku.quizplease.com/game/0196d3c2-36e8-7123-b745-32e31377a543
0196d3c2-3889-7154-98a4-f4d3cc453fc1,2024-07-16T19:30:00,Баку,Азербайджан,"Квиз, плиз! BAKU",62,"Квиз, плиз! BAKU 62",классика62,"Квиз, плиз!",medium,,,,,Palato cafe,"Bashir Safaroglu 184, Baku",15,₼,finished,0,0,0,0,https://baku.quizplease.com/game/0196d3c2-3889-7154-98a4-f4d3cc453fc1
0196d3c3-3db3-7261-a196-9a86edd9bc9a,2024-07-19T19:30:00,Баку,Азербайджан,"Квиз, плиз! BAKU",63,"Квиз, плиз! BAKU 63",Классика63,"Квиз, плиз!",medium,,,,,Palato cafe,"Bashir Safaroglu 184, Baku",15,₼,finished,0,0,0,11,https://baku.quizplease.com/game/0196d3c3-3db3-7261-a196-9a86edd9bc9a
0196d3c3-3c7e-73e2-a781-bbf729e31c50,2024-07-23T19:30:00,Баку,Азербайджан,[music party] рашн эдишн BAKU,2,[music party] рашн эдишн BAKU 2,Рашнэдишн2,[music party] только русское,light,песни на русском,нормальная,"8 раундов, 2 часа",кино и музыка,Palato cafe,"Bashir Safaroglu 184, Baku",15,₼,finished,0,0,0,11,https://baku.quizplease.com/game/0196d3c3-3c7e-73e2-a781-bbf729e31c50
0196d3c3-3b6c-728c-a636-0069858f904a,2024-07-26T19:30:00,Баку,Азербайджан,"Квиз, плиз! BAKU",64,"Квиз, плиз! BAKU 64",классика64,"Квиз, плиз!",medium,,,,,Palato cafe,"Bashir Safaroglu 184, Baku",15,₼,finished,0,0,0,14,https://baku.quizplease.com/game/0196d3c3-3b6c-728c-a636-0069858f904a
0196d3c4-a7b5-70fb-9100-f5fc8d2eea9f,2024-07-30T19:30:00,Баку,Азербайджан,"[мальчик, который выжил] BAKU",1,"[мальчик, который выжил] BAKU 1",Мальчик1,"[мальчик, который выжил]",medium,,,,,Palato cafe,"Bashir Safaroglu 184, Baku",15,₼,finished,0,0,0,14,https://baku.quizplease.com/game/0196d3c4-a7b5-70fb-9100-f5fc8d2eea9f
0196d3c5-1d5e-71b0-a7e0-bac1db170001,2024-08-02T19:30:00,Баку,Азербайджан,"Квиз, плиз! BAKU",65,"Квиз, плиз! BAKU 65",классика65,"Квиз, плиз!",medium,,,,,Palato cafe,"Bashir Safaroglu 184, Baku",15,₼,finished,0,0,0,0,https://baku.quizplease.com/game/0196d3c5-1d5e-71b0-a7e0-bac1db170001
0196d3c5-1d61-7242-9fba-fb8d8ed1a4f1,2024-08-02T19:30:00,Баку,Азербайджан,"Квиз, плиз! BAKU",65,"Квиз, плиз! BAKU 65",классика65,"Квиз, плиз!",medium,,,,,Palato cafe,"Bashir Safaroglu 184, Baku",15,₼,finished,0,0,0,13,https://baku.quizplease.com/game/0196d3c5-1d61-7242-9fba-fb8d8ed1a4f1
0196d3c5-50a3-711b-92aa-664410eca63b,2024-08-06T19:30:00,Баку,Азербайджан,[кино и музыка] BAKU,4,[кино и музыка] BAKU 4,Ким4,[кино и музыка],medium,,,,,Palato cafe,"Bashir Safaroglu 184, Baku",15,₼,finished,0,0,0,13,https://baku.quizplease.com/game/0196d3c5-50a3-711b-92aa-664410eca63b
0196d3c5-5118-70f7-ae22-f58deba7c561,2024-08-06T19:30:00,Баку,Азербайджан,[кино и музыка] BAKU,4,[кино и музыка] BAKU 4,Ким4,[кино и музыка],medium,,,,,Palato cafe,"Bashir Safaroglu 184, Baku",15,₼,finished,0,0,0,0,https://baku.quizplease.com/game/0196d3c5-5118-70f7-ae22-f58deba7c561
0196d3c6-b26f-710b-8952-1436a48c4160,2024-08-09T19:30:00,Баку,Азербайджан,"Квиз, плиз! BAKU",66,"Квиз, плиз! BAKU 66",66,"Квиз, плиз!",medium,,,,,Palato cafe,"Bashir Safaroglu 184, Baku",15,₼,finished,0,0,0,11,https://baku.quizplease.com/game/0196d3c6-b26f-710b-8952-1436a48c4160
0196d3c6-b1b2-7214-93ea-73861edf3b24,2024-08-13T19:30:00,Баку,Азербайджан,[300к1] BAKU,1,[300к1] BAKU 1,300к1,[300к1],light,,,,,Palato cafe,"Bashir Safaroglu 184, Baku",15,₼,finished,0,0,0,12,https://baku.quizplease.com/game/0196d3c6-b1b2-7214-93ea-73861edf3b24
0196d3c6-b0f4-70b6-a711-124fa121b8d3,2024-08-14T19:30:00,Баку,Азербайджан,"Квиз, плиз! [новички] BAKU",1,"Квиз, плиз! [новички] BAKU 1",Новички1,"Квиз, плиз! [новички]",medium,обо всём,лёгкая,"7 раундов, 2 часа",классика,Palato cafe,"Bashir Safaroglu 184, Baku",15,₼,finished,0,0,0,4,https://baku.quizplease.com/game/0196d3c6-b0f4-70b6-a711-124fa121b8d3
0196d3c8-41bc-71ea-98fa-86d377dae91b,2024-08-16T19:30:00,Баку,Азербайджан,"Квиз, плиз! BAKU",67,"Квиз, плиз! BAKU 67",Классика67,"Квиз, плиз!",medium,,,,,Palato cafe,"Bashir Safaroglu 184, Baku",15,₼,finished,0,0,0,10,https://baku.quizplease.com/game/0196d3c8-41bc-71ea-98fa-86d377dae91b
0196d3c9-1cee-7080-92c6-61afb98c855f,2024-08-20T19:30:00,Баку,Азербайджан,[MARVEL] BAKU,1,[MARVEL] BAKU 1,Marvel1,[MARVEL],medium,,,,,Palato cafe,"Bashir Safaroglu 184, Baku",15,₼,finished,0,0,0,6,https://baku.quizplease.com/game/0196d3c9-1cee-7080-92c6-61afb98c855f
0196d3c9-8806-72d5-97a7-20ac37db7367,2024-08-23T19:30:00,Баку,Азербайджан,"Квиз, плиз! BAKU",68,"Квиз, плиз! BAKU 68",классика68,"Квиз, плиз!",medium,,,,,Palato cafe,"Bashir Safaroglu 184, Baku",15,₼,finished,0,0,0,11,https://baku.quizplease.com/game/0196d3c9-8806-72d5-97a7-20ac37db7367
0196d3c9-88d6-71dc-8cff-65044dd33cbb,2024-08-27T19:30:00,Баку,Азербайджан,[music party] summertime BAKU,1,[music party] summertime BAKU 1,summertime1,[music party] summertime,light,летние песни,нормальная,"8 раундов, 2 часа",кино и музыка,City Pub,"241 Abdulla Shaig, Baku, Azerbaijan 1057",15,₼,finished,0,0,0,12,https://baku.quizplease.com/game/0196d3c9-88d6-71dc-8cff-65044dd33cbb
0196d3cc-20c9-7353-abc6-3748f164ab6f,2024-08-30T19:30:00,Баку,Азербайджан,ОТКРЫТИЕ ОСЕННЕГО СЕЗОНА BAKU,,ОТКРЫТИЕ ОСЕННЕГО СЕЗОНА BAKU,ос24,ОТКРЫТИЕ ОСЕННЕГО СЕЗОНА,hard,обо всём,посложнее,"7 раундов, 2,5 часа",классика,Piano Hotel,"ул. Ахмеда Раджабли, 3, Баку",15,₼,finished,0,0,0,13,https://baku.quizplease.com/game/0196d3cc-20c9-7353-abc6-3748f164ab6f
0196d3cc-adb7-71b2-95fe-65d12d89223e,2024-09-06T19:30:00,Баку,Азербайджан,"Квиз, плиз! BAKU",70,"Квиз, плиз! BAKU 70",классика70,"Квиз, плиз!",medium,,,,,Piano Hotel,"ул. Ахмеда Раджабли, 3, Баку",15,₼,finished,0,0,0,16,https://baku.quizplease.com/game/0196d3cc-adb7-71b2-95fe-65d12d89223e
019701f4-7ea9-7170-871b-07f6aa48c53d,2024-09-10T19:30:00,Баку,Азербайджан,[рок vs попса] BAKU,2,[рок vs попса] BAKU 2,Рокпопса2,[рок vs попса],medium,,,,,City Pub,"241 Abdulla Shaig, Baku, Azerbaijan 1057",15,₼,finished,0,0,0,12,https://baku.quizplease.com/game/019701f4-7ea9-7170-871b-07f6aa48c53d
0196d3d1-5565-72e4-8f30-b6f578ea00c1,2024-09-13T19:30:00,Баку,Азербайджан,"Квиз, плиз! BAKU",71,"Квиз, плиз! BAKU 71",Баку71,"Квиз, плиз!",medium,,,,,SAFRANI,"Улица Бакиханова 29, Баку",15,₼,finished,0,0,0,16,https://baku.quizplease.com/game/0196d3d1-5565-72e4-8f30-b6f578ea00c1
0196d3cc-21b3-727d-941c-85d94b05ae2c,2024-09-17T19:30:00,Баку,Азербайджан,[Back to school] BAKU,1,[Back to school] BAKU 1,backtoschool1,[Back to school],medium,школа,нормальная,"7 раундов, 2 часа",классика,Palato cafe,"Bashir Safaroglu 184, Baku",15,₼,finished,0,0,0,9,https://baku.quizplease.com/game/0196d3cc-21b3-727d-941c-85d94b05ae2c
0196d3d3-884c-738c-940f-506f18065ac6,2024-09-20T19:30:00,Баку,Азербайджан,"Квиз, плиз! BAKU",72,"Квиз, плиз! BAKU 72",классика72,"Квиз, плиз!",medium,,,,,SAFRANI,"Улица Бакиханова 29, Баку",15,₼,finished,0,0,0,17,https://baku.quizplease.com/game/0196d3d3-884c-738c-940f-506f18065ac6
0196d3d3-f042-73b0-9d7b-a673e5f84e29,2024-09-27T19:30:00,Баку,Азербайджан,"Квиз, плиз! BAKU",73,"Квиз, плиз! BAKU 73",Классика73,"Квиз, плиз!",medium,,,,,SAFRANI,"Улица Бакиханова 29, Баку",15,₼,finished,0,0,0,21,https://baku.quizplease.com/game/0196d3d3-f042-73b0-9d7b-a673e5f84e29
0196d3d5-95f6-719d-aa07-c9d9f40a63cb,2024-10-04T19:30:00,Баку,Азербайджан,"Квиз, плиз! BAKU",74,"Квиз, плиз! BAKU 74",классика74,"Квиз, плиз!",medium,,,,,SAFRANI,"Улица Бакиханова 29, Баку",15,₼,finished,0,0,0,21,https://baku.quizplease.com/game/0196d3d5-95f6-719d-aa07-c9d9f40a63cb
0196d3d5-ff4b-7053-8658-c3ede8979e42,2024-10-09T19:30:00,Баку,Азербайджан,[music party] BAKU,6,[music party] BAKU 6,musicparty6,[music party],medium,музыка,нормальная,"8 раундов, 2 часа",кино и музыка,SAFRANI,"Улица Бакиханова 29, Баку",15,₼,finished,0,0,0,12,https://baku.quizplease.com/game/0196d3d5-ff4b-7053-8658-c3ede8979e42
0196d3d6-0374-716a-8e3d-eb9d16a41c49,2024-10-11T19:30:00,Баку,Азербайджан,"Квиз, плиз! BAKU",75,"Квиз, плиз! BAKU 75",классика75,"Квиз, плиз!",medium,,,,,SAFRANI,"Улица Бакиханова 29, Баку",15,₼,finished,0,0,0,15,https://baku.quizplease.com/game/0196d3d6-0374-716a-8e3d-eb9d16a41c49
0196d3d8-a48e-727b-bed0-30fd49351f5e,2024-10-18T19:30:00,Баку,Азербайджан,"Квиз, плиз! BAKU",76,"Квиз, плиз! BAKU 76",классика76,"Квиз, плиз!",medium,,,,,SAFRANI,"Улица Бакиханова 29, Баку",15,₼,finished,0,0,0,17,https://baku.quizplease.com/game/0196d3d8-a48e-727b-bed0-30fd49351f5e
0196d3da-2ad5-70a9-8d8a-39563058bf81,2024-10-25T19:30:00,Баку,Азербайджан,"Квиз, плиз! BAKU",77,"Квиз, плиз! BAKU 77",классика77,"Квиз, плиз!",medium,,,,,SAFRANI,"Улица Бакиханова 29, Баку",15,₼,finished,0,0,0,16,https://baku.quizplease.com/game/0196d3da-2ad5-70a9-8d8a-39563058bf81
0196d3db-88a1-709f-9c72-2bfd7e541028,2024-10-30T19:30:00,Баку,Азербайджан,[HALLOWEEN] BAKU,2,[HALLOWEEN] BAKU 2,halloween2,[HALLOWEEN],medium,,,,,La Massimo,"Aşıq Molla Cümə, 62 (7 saylı Asan Xidmətin yanı)",15,₼,finished,0,0,0,8,https://baku.quizplease.com/game/0196d3db-88a1-709f-9c72-2bfd7e541028
0196d3db-c562-7012-abb9-8418353b40cc,2024-11-01T19:30:00,Баку,Азербайджан,"Квиз, плиз! BAKU",78,"Квиз, плиз! BAKU 78",классика78,"Квиз, плиз!",medium,,,,,SAFRANI,"Улица Бакиханова 29, Баку",15,₼,finished,0,0,0,18,https://baku.quizplease.com/game/0196d3db-c562-7012-abb9-8418353b40cc
0196d3dd-cd4c-7391-af73-7dc0ba884229,2024-11-08T19:30:00,Баку,Азербайджан,"Квиз, плиз! BAKU",79,"Квиз, плиз! BAKU 79",классика79,"Квиз, плиз!",medium,,,,,SAFRANI,"Улица Бакиханова 29, Баку",15,₼,finished,0,0,0,12,https://baku.quizplease.com/game/0196d3dd-cd4c-7391-af73-7dc0ba884229
0196d3de-8892-7044-95e0-c8f743607fb9,2024-11-12T19:30:00,Баку,Азербайджан,[music party] BAKU,7,[music party] BAKU 7,musicparty7,[music party],medium,музыка,нормальная,"8 раундов, 2 часа",кино и музыка,Chill and Meal,33A Yusif Səfərov küçəsi,15,₼,finished,0,0,0,8,https://baku.quizplease.com/game/0196d3de-8892-7044-95e0-c8f743607fb9
0196d3df-2337-7278-86e8-f98e6a2fcc54,2024-11-15T19:30:00,Баку,Азербайджан,"Квиз, плиз! BAKU",80,"Квиз, плиз! BAKU 80",классика80,"Квиз, плиз!",medium,,,,,SAFRANI,"Улица Бакиханова 29, Баку",15,₼,finished,0,0,0,17,https://baku.quizplease.com/game/0196d3df-2337-7278-86e8-f98e6a2fcc54
0196d3e0-748d-73ef-a897-d2ccd6cedc3a,2024-11-22T19:30:00,Баку,Азербайджан,"Квиз, плиз! BAKU",81,"Квиз, плиз! BAKU 81",классика81,"Квиз, плиз!",medium,,,,,SAFRANI,"Улица Бакиханова 29, Баку",15,₼,finished,0,0,0,19,https://baku.quizplease.com/game/0196d3e0-748d-73ef-a897-d2ccd6cedc3a
0196d3e1-aa12-738d-8d60-eb22c7245dda,2024-11-26T19:30:00,Баку,Азербайджан,[телеигры] BAKU,2,[телеигры] BAKU 2,телеигры2,[телеигры],medium,телеигры,нормальная,"7 раундов, 2 часа",классика,Chill and Meal,33A Yusif Səfərov küçəsi,15,₼,finished,0,0,0,9,https://baku.quizplease.com/game/0196d3e1-aa12-738d-8d60-eb22c7245dda
0196d3e2-1a95-7219-9102-7d6e7508d8d7,2024-11-29T19:30:00,Баку,Азербайджан,"Квиз, плиз! BAKU",82,"Квиз, плиз! BAKU 82",классика82,"Квиз, плиз!",medium,,,,,SAFRANI,"Улица Бакиханова 29, Баку",15,₼,finished,0,0,0,16,https://baku.quizplease.com/game/0196d3e2-1a95-7219-9102-7d6e7508d8d7
0196d3e2-284f-7058-b049-ba82519c3435,2024-12-03T19:30:00,Баку,Азербайджан,[про кино] Гарри Поттер BAKU,3,[про кино] Гарри Поттер BAKU 3,3,[про кино] Гарри Поттер,medium,,,,,Chill and Meal,33A Yusif Səfərov küçəsi,15,₼,finished,0,0,0,17,https://baku.quizplease.com/game/0196d3e2-284f-7058-b049-ba82519c3435
0196d3e4-1989-71c5-80d2-c8ab104cda08,2024-12-06T19:30:00,Баку,Азербайджан,ОТКРЫТИЕ ЗИМНЕГО СЕЗОНА BAKU,,ОТКРЫТИЕ ЗИМНЕГО СЕЗОНА BAKU,классика83,ОТКРЫТИЕ ЗИМНЕГО СЕЗОНА,hard,обо всём,посложнее,"7 раундов, 2,5 часа",классика,SAFRANI,"Улица Бакиханова 29, Баку",15,₼,finished,0,0,0,15,https://baku.quizplease.com/game/0196d3e4-1989-71c5-80d2-c8ab104cda08
0196d3e5-17d9-704a-9394-f8ca0dc956dd,2024-12-10T19:30:00,Баку,Азербайджан,[music party] BAKU,8,[music party] BAKU 8,musicparty8,[music party],medium,музыка,нормальная,"8 раундов, 2 часа",кино и музыка,Chill and Meal,33A Yusif Səfərov küçəsi,15,₼,finished,0,0,0,10,https://baku.quizplease.com/game/0196d3e5-17d9-704a-9394-f8ca0dc956dd
0196d3e4-1b01-723d-ad0f-b87ed6feb22a,2024-12-13T19:30:00,Баку,Азербайджан,"Квиз, плиз! BAKU",84,"Квиз, плиз! BAKU 84",классика84,"Квиз, плиз!",medium,,,,,SAFRANI,"Улица Бакиханова 29, Баку",15,₼,finished,0,0,0,17,https://baku.quizplease.com/game/0196d3e4-1b01-723d-ad0f-b87ed6feb22a
0196d3e5-18a4-7137-a873-d4a0a0574ed8,2024-12-17T19:30:00,Баку,Азербайджан,[300к1] Новогодняя BAKU,1,[300к1] Новогодняя BAKU 1,3k1Новогодняя1,[300к1] Новогодняя,light,Новый год,лёгкая,"7 раундов, 2 часа",классика,Chill and Meal,33A Yusif Səfərov küçəsi,15,₼,finished,0,0,0,7,https://baku.quizplease.com/game/0196d3e5-18a4-7137-a873-d4a0a0574ed8
0196d3e5-195d-7164-92f1-75fd64f53a10,2024-12-20T19:30:00,Баку,Азербайджан,"Квиз, плиз! BAKU",85,"Квиз, плиз! BAKU 85",Классика85,"Квиз, плиз!",medium,,,,,SAFRANI,"Улица Бакиханова 29, Баку",15,₼,finished,0,0,0,15,https://baku.quizplease.com/game/0196d3e5-195d-7164-92f1-75fd64f53a10
0196d3e5-1a98-71ee-84ed-bcde4dde0ce8,2024-12-24T19:30:00,Баку,Азербайджан,[караоке] новогоднее BAKU,1,[караоке] новогоднее BAKU 1,КараокеНГ1,[караоке] новогоднее,medium,Новый год,лёгкая,"7 раундов, 2 часа",кино и музыка,Chill and Meal,33A Yusif Səfərov küçəsi,15,₼,finished,0,0,0,10,https://baku.quizplease.com/game/0196d3e5-1a98-71ee-84ed-bcde4dde0ce8
0196d3e5-1b91-72dc-a1f0-1a1c537c7df1,2024-12-27T19:30:00,Баку,Азербайджан,[HELLO 2025] BAKU,1,[HELLO 2025] BAKU 1,Hello20251,[HELLO 2025],medium,,,,,SAFRANI,"Улица Бакиханова 29, Баку",15,₼,finished,0,0,0,14,https://baku.quizplease.com/game/0196d3e5-1b91-72dc-a1f0-1a1c537c7df1
0196d3ea-697b-7291-b58a-516c88021ffb,2025-01-10T19:30:00,Баку,Азербайджан,"Квиз, плиз! BAKU",86,"Квиз, плиз! BAKU 86",Классика86,"Квиз, плиз!",medium,,,,,SAFRANI,"Улица Бакиханова 29, Баку",15,₼,finished,0,0,0,17,https://baku.quizplease.com/game/0196d3ea-697b-7291-b58a-516c88021ffb
0196d3ec-7bdd-7385-af53-5ff4e6391c8e,2025-01-17T19:30:00,Баку,Азербайджан,"Квиз, плиз! BAKU",87,"Квиз, плиз! BAKU 87",классика87,"Квиз, плиз!",medium,,,,,SAFRANI,"Улица Бакиханова 29, Баку",15,₼,finished,0,0,0,15,https://baku.quizplease.com/game/0196d3ec-7bdd-7385-af53-5ff4e6391c8e
0196d3ec-7e4b-7206-9947-bbb2ff6c66cd,2025-01-21T19:30:00,Баку,Азербайджан,[кино и музыка] изи BAKU,1,[кино и музыка] изи BAKU 1,киноимузыкаизи1,[кино и музыка] изи,light,кино и музыка,лёгкая,"7 раундов, 2 часа",кино и музыка,Chill and Meal,33A Yusif Səfərov küçəsi,15,₼,finished,0,0,0,13,https://baku.quizplease.com/game/0196d3ec-7e4b-7206-9947-bbb2ff6c66cd
0196d3ec-7ef5-714f-a005-1364508f271e,2025-01-24T19:30:00,Баку,Азербайджан,"Квиз, плиз! BAKU",88,"Квиз, плиз! BAKU 88",классика88,"Квиз, плиз!",medium,,,,,SAFRANI,"Улица Бакиханова 29, Баку",15,₼,finished,0,0,0,16,https://baku.quizplease.com/game/0196d3ec-7ef5-714f-a005-1364508f271e
0196d3ec-7fa8-7007-ac64-b4ef5f3b51f4,2025-01-28T19:30:00,Баку,Азербайджан,[про кино] Гарри Поттер BAKU,4,[про кино] Гарри Поттер BAKU 4,прокиногарри4,[про кино] Гарри Поттер,medium,,,,,La Massimo,"Aşıq Molla Cümə, 62 (7 saylı Asan Xidmətin yanı)",15,₼,finished,0,0,0,15,https://baku.quizplease.com/game/0196d3ec-7fa8-7007-ac64-b4ef5f3b51f4
0196d3ec-8060-72d3-aa51-f486224432c4,2025-01-31T19:30:00,Баку,Азербайджан,"Квиз, плиз! BAKU",89,"Квиз, плиз! BAKU 89",классика89,"Квиз, плиз!",medium,,,,,SAFRANI,"Улица Бакиханова 29, Баку",15,₼,finished,0,0,0,13,https://baku.quizplease.com/game/0196d3ec-8060-72d3-aa51-f486224432c4
0196d3f1-d808-7084-9857-422425863527,2025-02-07T19:30:00,Баку,Азербайджан,"Квиз, плиз! BAKU",90,"Квиз, плиз! BAKU 90",классика90,"Квиз, плиз!",medium,,,,,SAFRANI,"Улица Бакиханова 29, Баку",15,₼,finished,0,0,0,19,https://baku.quizplease.com/game/0196d3f1-d808-7084-9857-422425863527
0196d3f2-b5a1-7131-a194-82a832bdd560,2025-02-11T19:30:00,Баку,Азербайджан,[music party] иностранщина BAKU,1,[music party] иностранщина BAKU 1,иностранщина1,[music party] иностранщина,medium,,,,,Paulaner Braühaus,"25B 8 Noyabr Prospekti, Bakı 1025",15,₼,finished,0,0,0,12,https://baku.quizplease.com/game/0196d3f2-b5a1-7131-a194-82a832bdd560
0196d3f2-b24c-71f4-86d5-1a34d1041b1c,2025-02-14T19:30:00,Баку,Азербайджан,"Квиз, плиз! BAKU",91,"Квиз, плиз! BAKU 91",классика91,"Квиз, плиз!",medium,,,,,SAFRANI,"Улица Бакиханова 29, Баку",15,₼,finished,0,0,0,12,https://baku.quizplease.com/game/0196d3f2-b24c-71f4-86d5-1a34d1041b1c
0196d3f2-b6c9-71e7-9d8d-9334f5d14852,2025-02-18T19:30:00,Баку,Азербайджан,[топовые фильмы] BAKU,1,[топовые фильмы] BAKU 1,топовыефильмы1,[топовые фильмы],medium,про кино,нормальная,"7 раундов, 2 часа",кино и музыка,Paulaner Braühaus,"25B 8 Noyabr Prospekti, Bakı 1025",15,₼,finished,0,0,0,12,https://baku.quizplease.com/game/0196d3f2-b6c9-71e7-9d8d-9334f5d14852
0196d3f2-b3e1-71f7-bb83-d89ff484cd14,2025-02-21T19:30:00,Баку,Азербайджан,"Квиз, плиз! BAKU",92,"Квиз, плиз! BAKU 92",классика92,"Квиз, плиз!",medium,,,,,SAFRANI,"Улица Бакиханова 29, Баку",15,₼,finished,0,0,0,9,https://baku.quizplease.com/game/0196d3f2-b3e1-71f7-bb83-d89ff484cd14
01970201-86c3-71ed-a13a-5004384ce809,2025-02-25T19:30:00,Баку,Азербайджан,Гарри Поттер [Хогвартс] 1 курс  BAKU,,Гарри Поттер [Хогвартс] 1 курс  BAKU,хогвартс1,Гарри Поттер [Хогвартс] 1 курс ,medium,,,,,Paulaner Braühaus,"25B 8 Noyabr Prospekti, Bakı 1025",15,₼,finished,0,0,0,13,https://baku.quizplease.com/game/01970201-86c3-71ed-a13a-5004384ce809
0196d3f4-5ac3-7080-a538-9848462f2cb7,2025-02-28T19:30:00,Баку,Азербайджан,ОТКРЫТИЕ ВЕСЕННЕГО СЕЗОНА  BAKU,,ОТКРЫТИЕ ВЕСЕННЕГО СЕЗОНА  BAKU,ос2025,ОТКРЫТИЕ ВЕСЕННЕГО СЕЗОНА,hard,обо всём,посложнее,"7 раундов, 2,5 часа",классика,SAFRANI,"Улица Бакиханова 29, Баку",15,₼,finished,0,0,0,12,https://baku.quizplease.com/game/0196d3f4-5ac3-7080-a538-9848462f2cb7
0196d3f7-3851-72b6-a76e-a9cc9bb21887,2025-03-04T19:30:00,Баку,Азербайджан,[music party] 2000-х BAKU,1,[music party] 2000-х BAKU 1,2001,[music party] 2000-е,medium,,,,,Paulaner Braühaus,"25B 8 Noyabr Prospekti, Bakı 1025",15,₼,finished,0,0,0,12,https://baku.quizplease.com/game/0196d3f7-3851-72b6-a76e-a9cc9bb21887
0196d3f5-011e-7021-b83b-b31dcc37e389,2025-03-07T19:30:00,Баку,Азербайджан,"Квиз, плиз! BAKU",94,"Квиз, плиз! BAKU 94",классика93,"Квиз, плиз!",medium,,,,,SAFRANI,"Улица Бакиханова 29, Баку",15,₼,finished,0,0,0,14,https://baku.quizplease.com/game/0196d3f5-011e-7021-b83b-b31dcc37e389
0196d3f7-392a-7273-9fa3-18815681d2b8,2025-03-11T19:30:00,Баку,Азербайджан,[мемы и приколы] BAKU,1,[мемы и приколы] BAKU 1,мемы1,[мемы и приколы],medium,мемы,нормальная,"7 раундов, 2 часа",классика,Paulaner Braühaus,"25B 8 Noyabr Prospekti, Bakı 1025",15,₼,finished,0,0,0,13,https://baku.quizplease.com/game/0196d3f7-392a-7273-9fa3-18815681d2b8
0196d3f7-39f6-7305-8821-fd7b717a13a0,2025-03-14T19:30:00,Баку,Азербайджан,"Квиз, плиз! BAKU",95,"Квиз, плиз! BAKU 95",классика95,"Квиз, плиз!",medium,,,,,SAFRANI,"Улица Бакиханова 29, Баку",15,₼,finished,0,0,0,11,https://baku.quizplease.com/game/0196d3f7-39f6-7305-8821-fd7b717a13a0
0196d3f7-3b1f-7083-bb68-aa1eb1bc5bf7,2025-03-18T19:30:00,Баку,Азербайджан,[кино и музыка] изи BAKU,2,[кино и музыка] изи BAKU 2,кимизи2,[кино и музыка] изи,light,кино и музыка,лёгкая,"7 раундов, 2 часа",кино и музыка,Paulaner Braühaus,"25B 8 Noyabr Prospekti, Bakı 1025",15,₼,finished,0,0,0,15,https://baku.quizplease.com/game/0196d3f7-3b1f-7083-bb68-aa1eb1bc5bf7
0196d3f7-3c07-730e-9c14-0898e488f885,2025-03-21T19:30:00,Баку,Азербайджан,"Квиз, плиз! BAKU",96,"Квиз, плиз! BAKU 96",классика96,"Квиз, плиз!",medium,,,,,SAFRANI,"Улица Бакиханова 29, Баку",15,₼,finished,0,0,0,11,https://baku.quizplease.com/game/0196d3f7-3c07-730e-9c14-0898e488f885
0196d3f7-7a8f-71d0-8882-07d7b7c2c937,2025-03-25T19:30:00,Баку,Азербайджан,Гарри Поттер [Хогвартс] 2 курс BAKU,,Гарри Поттер [Хогвартс] 2 курс BAKU,гаррихогвартс2,Гарри Поттер [Хогвартс] 2 курс,medium,,,,,Paulaner Braühaus,"25B 8 Noyabr Prospekti, Bakı 1025",15,₼,finished,0,0,0,12,https://baku.quizplease.com/game/0196d3f7-7a8f-71d0-8882-07d7b7c2c937
0196d3f7-3f7e-7377-a50f-c52680c4cb36,2025-03-28T19:30:00,Баку,Азербайджан,"Квиз, плиз! BAKU",97,"Квиз, плиз! BAKU 97",классика97,"Квиз, плиз!",medium,,,,,SAFRANI,"Улица Бакиханова 29, Баку",15,₼,finished,0,0,0,13,https://baku.quizplease.com/game/0196d3f7-3f7e-7377-a50f-c52680c4cb36
0196d3fd-1b95-71ac-a65d-4e37bae8197c,2025-04-04T19:30:00,Баку,Азербайджан,[Happy Birthday] BAKU,2,[Happy Birthday] BAKU 2,hb2,[Happy Birthday],medium,,,,,SAFRANI,"Улица Бакиханова 29, Баку",15,₼,finished,0,0,0,17,https://baku.quizplease.com/game/0196d3fd-1b95-71ac-a65d-4e37bae8197c
0196d3fd-1c5c-7078-8980-6ef32560cf9e,2025-04-08T19:30:00,Баку,Азербайджан,[music party] BAKU,9,[music party] BAKU 9,musicparty9,[music party],medium,музыка,нормальная,"8 раундов, 2 часа",кино и музыка,CEO's LOUNGE,Ağ şəhər 8 fəvvarələr meydani 1,15,₼,finished,0,0,0,9,https://baku.quizplease.com/game/0196d3fd-1c5c-7078-8980-6ef32560cf9e
0196d3fd-1d17-7352-97ff-f40610ccc183,2025-04-11T19:30:00,Баку,Азербайджан,"Квиз, плиз! BAKU",98,"Квиз, плиз! BAKU 98",классика98,"Квиз, плиз!",medium,,,,,SAFRANI,"Улица Бакиханова 29, Баку",15,₼,finished,0,0,0,14,https://baku.quizplease.com/game/0196d3fd-1d17-7352-97ff-f40610ccc183
01970207-da5f-7061-9611-dcb10f0f6ba2,2025-04-15T19:30:00,Баку,Азербайджан,[зумеры vs бумеры] BAKU,2,[зумеры vs бумеры] BAKU 2,зумерыбумеры2,[зумеры vs бумеры],medium,битва поколений,нормальная,"7 раундов, 2 часа",классика,Paulaner Braühaus,"25B 8 Noyabr Prospekti, Bakı 1025",15,₼,finished,0,0,0,11,https://baku.quizplease.com/game/01970207-da5f-7061-9611-dcb10f0f6ba2
0196d3fd-1fb0-723d-ab08-0098c6361242,2025-04-18T19:30:00,Баку,Азербайджан,"Квиз, плиз! BAKU",99,"Квиз, плиз! BAKU 99",классика99,"Квиз, плиз!",medium,,,,,SAFRANI,"Улица Бакиханова 29, Баку",15,₼,finished,0,0,0,15,https://baku.quizplease.com/game/0196d3fd-1fb0-723d-ab08-0098c6361242
0196d3fd-1dc1-7122-beb0-d8b00db9bfac,2025-04-22T19:30:00,Баку,Азербайджан,[шазам] 2010-е BAKU,1,[шазам] 2010-е BAKU 1,шазам20101,[шазам] 2010-е,medium,,,,,Paulaner Braühaus,"25B 8 Noyabr Prospekti, Bakı 1025",15,₼,finished,0,0,0,14,https://baku.quizplease.com/game/0196d3fd-1dc1-7122-beb0-d8b00db9bfac
0196d3fd-1eed-72de-b429-277870254146,2025-04-25T19:30:00,Баку,Азербайджан,"Квиз, плиз! BAKU",100,"Квиз, плиз! BAKU 100",классика100,"Квиз, плиз!",medium,,,,,SAFRANI,"Улица Бакиханова 29, Баку",15,₼,finished,0,0,0,13,https://baku.quizplease.com/game/0196d3fd-1eed-72de-b429-277870254146
0196d3fe-5e42-73fc-b7a1-14a6238f93f0,2025-04-29T19:30:00,Баку,Азербайджан,Гарри Поттер [Хогвартс] 3 курс BAKU,,Гарри Поттер [Хогвартс] 3 курс BAKU,Гаррихогвартс3,Гарри Поттер [Хогвартс] 3 курс,medium,,,,,Paulaner Braühaus,"25B 8 Noyabr Prospekti, Bakı 1025",15,₼,finished,0,0,0,13,https://baku.quizplease.com/game/0196d3fe-5e42-73fc-b7a1-14a6238f93f0
0196d405-1321-7030-9087-28bc1878e561,2025-05-02T19:30:00,Баку,Азербайджан,"Квиз, плиз! BAKU",101,"Квиз, плиз! BAKU 101",классика101,"Квиз, плиз!",medium,,,,,SAFRANI,"Улица Бакиханова 29, Баку",15,₼,finished,0,0,0,12,https://baku.quizplease.com/game/0196d405-1321-7030-9087-28bc1878e561
0196d405-7e3b-7049-88a4-b82722eec556,2025-05-06T19:30:00,Баку,Азербайджан,[кино и музыка] BAKU,5,[кино и музыка] BAKU 5,киноимузыка5,[кино и музыка],medium,,,,,Paulaner Braühaus,"25B 8 Noyabr Prospekti, Bakı 1025",15,₼,finished,0,0,0,17,https://baku.quizplease.com/game/0196d405-7e3b-7049-88a4-b82722eec556
0196d405-8037-717e-8256-9b2b9183670b,2025-05-09T19:30:00,Баку,Азербайджан,"Квиз, плиз! BAKU",102,"Квиз, плиз! BAKU 102",классика102,"Квиз, плиз!",medium,,,,,SAFRANI,"Улица Бакиханова 29, Баку",15,₼,finished,0,0,0,10,https://baku.quizplease.com/game/0196d405-8037-717e-8256-9b2b9183670b
0196d405-7d13-729a-9676-ab234ddb4eb3,2025-05-13T19:30:00,Баку,Азербайджан,[super music party] BAKU,1,[super music party] BAKU 1,супермюзик1,[super music party],medium,много музыки,посложнее,"10 раундов, 3 часа",кино и музыка,Paulaner Braühaus,"25B 8 Noyabr Prospekti, Bakı 1025",15,₼,finished,0,0,0,12,https://baku.quizplease.com/game/0196d405-7d13-729a-9676-ab234ddb4eb3
0196d405-7ef6-71c0-bcc3-e514ea760af7,2025-05-16T19:30:00,Баку,Азербайджан,"Квиз, плиз! BAKU",103,"Квиз, плиз! BAKU 103",классика103,"Квиз, плиз!",medium,,,,,SAFRANI,"Улица Бакиханова 29, Баку",15,₼,finished,0,0,0,10,https://baku.quizplease.com/game/0196d405-7ef6-71c0-bcc3-e514ea760af7
0196d405-7c11-715e-ac8c-111117dea3d3,2025-05-23T19:30:00,Баку,Азербайджан,"Квиз, плиз! BAKU",104,"Квиз, плиз! BAKU 104",классика104,"Квиз, плиз!",medium,,,,,SAFRANI,"Улица Бакиханова 29, Баку",15,₼,finished,0,0,0,13,https://baku.quizplease.com/game/0196d405-7c11-715e-ac8c-111117dea3d3
0196d405-79f0-7018-9dfa-eb745b42df3b,2025-05-27T19:30:00,Баку,Азербайджан,Гарри Поттер [Хогвартс] 4 курс BAKU,,Гарри Поттер [Хогвартс] 4 курс BAKU,гаррихогвартс4,Гарри Поттер [Хогвартс] 4 курс,medium,,,,,Paulaner Braühaus,"25B 8 Noyabr Prospekti, Bakı 1025",15,₼,finished,0,0,0,14,https://baku.quizplease.com/game/0196d405-79f0-7018-9dfa-eb745b42df3b
0196d405-7ac8-7338-aaf0-b272e8d12536,2025-05-30T19:30:00,Баку,Азербайджан,ОТКРЫТИЕ ЛЕТНЕГО СЕЗОНА BAKU,,ОТКРЫТИЕ ЛЕТНЕГО СЕЗОНА BAKU,ослето2025,ОТКРЫТИЕ ЛЕТНЕГО СЕЗОНА,hard,обо всём,посложнее,"7 раундов, 2,5 часа",классика,SAFRANI,"Улица Бакиханова 29, Баку",15,₼,finished,0,0,0,12,https://baku.quizplease.com/game/0196d405-7ac8-7338-aaf0-b272e8d12536
01994806-3e84-71b3-a16a-0a2f3196bfb9,2025-06-03T19:30:00,Баку,Азербайджан,[кино и музыка] BAKU,6,[кино и музыка] BAKU 6,ким6,[кино и музыка],medium,,,,,Paulaner Braühaus,"25B 8 Noyabr Prospekti, Bakı 1025",15,₼,finished,0,0,0,12,https://baku.quizplease.com/game/01994806-3e84-71b3-a16a-0a2f3196bfb9
01994806-4fcc-73c4-9bf4-fa82e189f2ef,2025-06-06T19:30:00,Баку,Азербайджан,"Квиз, плиз! BAKU",105,"Квиз, плиз! BAKU 105",классика105,"Квиз, плиз!",medium,,,,,SAFRANI,"Улица Бакиханова 29, Баку",15,₼,finished,0,0,0,11,https://baku.quizplease.com/game/01994806-4fcc-73c4-9bf4-fa82e189f2ef
01994806-4463-726e-874e-84d2fc2e2617,2025-06-10T19:30:00,Баку,Азербайджан,[рок vs рэп] BAKU,1,[рок vs рэп] BAKU 1,видеоигры2,[рок vs рэп],medium,,,,,Paulaner Braühaus,"25B 8 Noyabr Prospekti, Bakı 1025",15,₼,finished,0,0,0,9,https://baku.quizplease.com/game/01994806-4463-726e-874e-84d2fc2e2617
01994806-58e5-7279-b1bc-b7b408c6d564,2025-06-13T19:30:00,Баку,Азербайджан,"Квиз, плиз! BAKU",106,"Квиз, плиз! BAKU 106",классика106,"Квиз, плиз!",medium,,,,,SAFRANI,"Улица Бакиханова 29, Баку",15,₼,finished,0,0,0,14,https://baku.quizplease.com/game/01994806-58e5-7279-b1bc-b7b408c6d564
01994f26-437e-7050-ba92-dbecb2cdeb6c,2025-06-24T19:30:00,Баку,Азербайджан,Гарри Поттер [Хогвартс] 5 курс BAKU,,Гарри Поттер [Хогвартс] 5 курс BAKU,хогвартс5,Гарри Поттер [Хогвартс] 5 курс,medium,,,,,Paulaner Braühaus,"25B 8 Noyabr Prospekti, Bakı 1025",15,₼,finished,0,0,0,11,https://baku.quizplease.com/game/01994f26-437e-7050-ba92-dbecb2cdeb6c
01994f26-3e44-702e-9028-849a2d14fb7e,2025-06-27T19:30:00,Баку,Азербайджан,"Квиз, плиз! Ru/Az BAKU",1,"Квиз, плиз! Ru/Az BAKU 1",аз1,,,,,,,SAFRANI,"Улица Бакиханова 29, Баку",15,₼,finished,0,0,0,11,https://baku.quizplease.com/game/01994f26-3e44-702e-9028-849a2d14fb7e
0199482d-3545-72c1-8812-6f75744af44d,2025-07-04T19:30:00,Баку,Азербайджан,"Квиз, плиз! BAKU",108,"Квиз, плиз! BAKU 108",классика108,"Квиз, плиз!",medium,,,,,SAFRANI,"Улица Бакиханова 29, Баку",15,₼,finished,0,0,0,12,https://baku.quizplease.com/game/0199482d-3545-72c1-8812-6f75744af44d
0199482d-4dfa-70db-961d-7537cdc833d7,2025-07-08T19:30:00,Баку,Азербайджан,[music party] изи летние хиты BAKU,1,[music party] изи летние хиты BAKU 1,musicлетние1,[music party] изи летние хиты,light,,,,,Paulaner Braühaus,"25B 8 Noyabr Prospekti, Bakı 1025",15,₼,finished,0,0,0,12,https://baku.quizplease.com/game/0199482d-4dfa-70db-961d-7537cdc833d7
0199482d-3907-7230-865b-41989f253737,2025-07-11T19:30:00,Баку,Азербайджан,"Квиз, плиз! BAKU",109,"Квиз, плиз! BAKU 109",классика109,"Квиз, плиз!",medium,,,,,SAFRANI,"Улица Бакиханова 29, Баку",15,₼,finished,0,0,0,12,https://baku.quizplease.com/game/0199482d-3907-7230-865b-41989f253737
0199482d-4002-7111-919b-92408048ecab,2025-07-18T19:30:00,Баку,Азербайджан,"Квиз, плиз! BAKU",110,"Квиз, плиз! BAKU 110",классика110,"Квиз, плиз!",medium,,,,,SAFRANI,"Улица Бакиханова 29, Баку",15,₼,finished,0,0,0,11,https://baku.quizplease.com/game/0199482d-4002-7111-919b-92408048ecab
01994f38-3683-7008-b1a5-0e5b35791aec,2025-07-22T19:30:00,Баку,Азербайджан,[назад в 21 век] BAKU,1,[назад в 21 век] BAKU 1,назадв211,[назад в 21 век],medium,,,,,Paulaner Braühaus,"25B 8 Noyabr Prospekti, Bakı 1025",15,₼,finished,0,0,0,0,https://baku.quizplease.com/game/01994f38-3683-7008-b1a5-0e5b35791aec
0199482d-49c9-739a-9584-6baa22fd736b,2025-07-25T19:30:00,Баку,Азербайджан,"Квиз, плиз! BAKU",111,"Квиз, плиз! BAKU 111",классика111,"Квиз, плиз!",medium,,,,,Mezzo Lounge,"220 Dilarə Əliyeva Küçəsi, Bakı, Азербайджан",15,₼,finished,0,0,0,8,https://baku.quizplease.com/game/0199482d-49c9-739a-9584-6baa22fd736b
0199482d-5893-71cf-8c0a-395b1e1d723c,2025-07-29T19:30:00,Баку,Азербайджан,[кино и музыка] BAKU,7,[кино и музыка] BAKU 7,ким7,[кино и музыка],medium,,,,,Paulaner Braühaus,"25B 8 Noyabr Prospekti, Bakı 1025",15,₼,finished,0,0,0,15,https://baku.quizplease.com/game/0199482d-5893-71cf-8c0a-395b1e1d723c
019948ba-9c1e-72ff-8c41-99a5d2522382,2025-08-01T19:30:00,Баку,Азербайджан,"Квиз, плиз! BAKU",112,"Квиз, плиз! BAKU 112",классика112,"Квиз, плиз!",medium,,,,,SAFRANI,"Улица Бакиханова 29, Баку",15,₼,finished,0,0,0,10,https://baku.quizplease.com/game/019948ba-9c1e-72ff-8c41-99a5d2522382
019948ba-8f3a-731c-8eea-9276242ed05c,2025-08-05T19:30:00,Баку,Азербайджан,[music party] BAKU,10,[music party] BAKU 10,мюзик10,[music party],medium,музыка,нормальная,"8 раундов, 2 часа",кино и музыка,Paulaner Braühaus,"25B 8 Noyabr Prospekti, Bakı 1025",15,₼,finished,0,0,0,11,https://baku.quizplease.com/game/019948ba-8f3a-731c-8eea-9276242ed05c
019948bf-cbc7-73df-8562-9dbf0233009b,2025-08-08T19:30:00,Баку,Азербайджан,"Квиз, плиз! BAKU",113,"Квиз, плиз! BAKU 113",Классика113,"Квиз, плиз!",medium,,,,,SAFRANI,"Улица Бакиханова 29, Баку",15,₼,finished,0,0,0,11,https://baku.quizplease.com/game/019948bf-cbc7-73df-8562-9dbf0233009b
019948ba-9614-71ee-84ed-905106ca3f46,2025-08-12T19:30:00,Баку,Азербайджан,[видеоигры] BAKU,2,[видеоигры] BAKU 2,видеоигры22,[видеоигры],medium,видеоигры,нормальная,"7 раундов, 2 часа",классика,Paulaner Braühaus,"25B 8 Noyabr Prospekti, Bakı 1025",15,₼,finished,0,0,0,9,https://baku.quizplease.com/game/019948ba-9614-71ee-84ed-905106ca3f46
019948bf-d434-7298-9dff-838c5bca2a72,2025-08-15T19:30:00,Баку,Азербайджан,"Квиз, плиз! BAKU",114,"Квиз, плиз! BAKU 114",Классика114,"Квиз, плиз!",medium,,,,,SAFRANI,"Улица Бакиханова 29, Баку",15,₼,finished,0,0,0,12,https://baku.quizplease.com/game/019948bf-d434-7298-9dff-838c5bca2a72
019948bf-dfc3-72fd-b231-364b9e043aff,2025-08-19T19:30:00,Баку,Азербайджан,[кино и музыка] BAKU,8,[кино и музыка] BAKU 8,Ким8,[кино и музыка],medium,,,,,Paulaner Braühaus,"25B 8 Noyabr Prospekti, Bakı 1025",15,₼,finished,0,0,0,10,https://baku.quizplease.com/game/019948bf-dfc3-72fd-b231-364b9e043aff
019948bf-db70-71cf-88cb-c9fdaf4fe5e4,2025-08-22T19:30:00,Баку,Азербайджан,"Квиз, плиз! BAKU",115,"Квиз, плиз! BAKU 115",Классика115,"Квиз, плиз!",medium,,,,,SAFRANI,"Улица Бакиханова 29, Баку",15,₼,finished,0,0,0,10,https://baku.quizplease.com/game/019948bf-db70-71cf-88cb-c9fdaf4fe5e4
019948c2-299a-7348-9f70-2a5923aa2298,2025-08-29T19:30:00,Баку,Азербайджан,ОТКРЫТИЕ ОСЕННЕГО СЕЗОНА BAKU,,ОТКРЫТИЕ ОСЕННЕГО СЕЗОНА BAKU,осень25,ОТКРЫТИЕ ОСЕННЕГО СЕЗОНА,hard,обо всём,посложнее,"7 раундов, 2,5 часа",классика,SAFRANI,"Улица Бакиханова 29, Баку",15,₼,finished,0,0,0,10,https://baku.quizplease.com/game/019948c2-299a-7348-9f70-2a5923aa2298
019948db-7ca2-7271-9fda-d03683da98cf,2025-09-02T19:30:00,Баку,Азербайджан,[music party] изи BAKU,1,[music party] изи BAKU 1,мюзикизи1,[music party] изи,light,,,,,Paulaner Braühaus,"25B 8 Noyabr Prospekti, Bakı 1025",15,₼,finished,0,0,0,32,https://baku.quizplease.com/game/019948db-7ca2-7271-9fda-d03683da98cf
019948db-70ae-72d4-888e-21f34527ef3a,2025-09-05T19:30:00,Баку,Азербайджан,"Квиз, плиз! BAKU",116,"Квиз, плиз! BAKU 116",классика116,"Квиз, плиз!",medium,,,,,SAFRANI,"Улица Бакиханова 29, Баку",15,₼,finished,0,0,0,32,https://baku.quizplease.com/game/019948db-70ae-72d4-888e-21f34527ef3a
019948db-7503-71ce-8191-f3a1bdc3b386,2025-09-12T19:30:00,Баку,Азербайджан,"Квиз, плиз! BAKU",117,"Квиз, плиз! BAKU 117",классика117,"Квиз, плиз!",medium,,,,,SAFRANI,"Улица Бакиханова 29, Баку",15,₼,finished,0,0,0,32,https://baku.quizplease.com/game/019948db-7503-71ce-8191-f3a1bdc3b386
019948db-78e5-7372-b395-e2c9a1db3f2e,2025-09-19T19:30:00,Баку,Азербайджан,"Квиз, плиз! BAKU",118,"Квиз, плиз! BAKU 118",классика118,"Квиз, плиз!",medium,,,,,SAFRANI,"Улица Бакиханова 29, Баку",15,₼,finished,0,0,0,32,https://baku.quizplease.com/game/019948db-78e5-7372-b395-e2c9a1db3f2e
01994f5a-5662-7114-8f55-9a465b8042ad,2025-09-23T19:30:00,Баку,Азербайджан,[топовые фильмы и сериалы] BAKU,1,[топовые фильмы и сериалы] BAKU 1,топовыефильмыисериалы1,[топовые фильмы и сериалы],medium,про кино и сериалы,нормальная,"7 раундов, 2 часа",кино и музыка,Paulaner Braühaus,"25B 8 Noyabr Prospekti, Bakı 1025",15,₼,finished,0,0,0,32,https://baku.quizplease.com/game/01994f5a-5662-7114-8f55-9a465b8042ad
019948db-90f9-7291-9fa2-b5d8acd20295,2025-09-26T19:30:00,Баку,Азербайджан,"Квиз, плиз! BAKU",119,"Квиз, плиз! BAKU 119",классика119,"Квиз, плиз!",medium,,,,,SAFRANI,"Улица Бакиханова 29, Баку",15,₼,finished,0,0,0,32,https://baku.quizplease.com/game/019948db-90f9-7291-9fa2-b5d8acd20295
01994f48-78a8-71e4-82a8-8798d63c281f,2025-09-30T19:30:00,Баку,Азербайджан,Гарри Поттер [Хогвартс] 6 курс BAKU,,Гарри Поттер [Хогвартс] 6 курс BAKU,Гаррикурс6,Гарри Поттер [Хогвартс] 6 курс,medium,,,,,Paulaner Braühaus,"25B 8 Noyabr Prospekti, Bakı 1025",15,₼,finished,0,0,0,10,https://baku.quizplease.com/game/01994f48-78a8-71e4-82a8-8798d63c281f
01999ef4-c061-7300-a8df-0b0473d7f6d4,2025-10-03T19:30:00,Баку,Азербайджан,"Квиз, плиз! BAKU",120,"Квиз, плиз! BAKU 120",Классика120,"Квиз, плиз!",medium,,,,,SAFRANI,"Улица Бакиханова 29, Баку",15,₼,finished,0,0,0,32,https://baku.quizplease.com/game/01999ef4-c061-7300-a8df-0b0473d7f6d4
01999ef4-ceb9-7233-862f-97e0c6e3714f,2025-10-07T19:30:00,Баку,Азербайджан,[music party] 2010-е BAKU,1,[music party] 2010-е BAKU 1,20101music,[music party] 2010-е,medium,,,,,Paulaner Braühaus,"25B 8 Noyabr Prospekti, Bakı 1025",15,₼,finished,0,0,0,32,https://baku.quizplease.com/game/01999ef4-ceb9-7233-862f-97e0c6e3714f
01999ef4-c47f-7197-a549-377be8d9a6e4,2025-10-17T19:30:00,Баку,Азербайджан,"Квиз, плиз! BAKU",121,"Квиз, плиз! BAKU 121",Классика121,"Квиз, плиз!",medium,,,,,SAFRANI,"Улица Бакиханова 29, Баку",15,₼,finished,0,0,0,32,https://baku.quizplease.com/game/01999ef4-c47f-7197-a549-377be8d9a6e4
01999ef4-ed7c-7143-94a0-49ae42d72c0b,2025-10-21T19:30:00,Баку,Азербайджан,[кино и музыка] BAKU,9,[кино и музыка] BAKU 9,Ким9,[кино и музыка],medium,,,,,Paulaner Braühaus,"25B 8 Noyabr Prospekti, Bakı 1025",15,₼,finished,0,0,0,32,https://baku.quizplease.com/game/01999ef4-ed7c-7143-94a0-49ae42d72c0b
01999ef4-c8f9-7234-ae01-5096e01f255c,2025-10-24T19:30:00,Баку,Азербайджан,"Квиз, плиз! BAKU",122,"Квиз, плиз! BAKU 122",Классика122,"Квиз, плиз!",medium,,,,,SAFRANI,"Улица Бакиханова 29, Баку",15,₼,finished,0,0,0,32,https://baku.quizplease.com/game/01999ef4-c8f9-7234-ae01-5096e01f255c
01999ef4-f73f-738a-b28c-60ee193e27e2,2025-10-31T19:30:00,Баку,Азербайджан,[HALLOWEEN] BAKU,3,[HALLOWEEN] BAKU 3,Хэллоуин3,[HALLOWEEN],medium,,,,,SAFRANI,"Улица Бакиханова 29, Баку",15,₼,finished,0,0,0,32,https://baku.quizplease.com/game/01999ef4-f73f-738a-b28c-60ee193e27e2
019a0c2f-965f-7236-b14d-fc7f082cf16b,2025-11-07T19:30:00,Баку,Азербайджан,"Квиз, плиз! BAKU",123,"Квиз, плиз! BAKU 123",классика123,"Квиз, плиз!",medium,,,,,Paulaner Braühaus,"25B 8 Noyabr Prospekti, Bakı 1025",15,₼,finished,0,0,0,13,https://baku.quizplease.com/game/019a0c2f-965f-7236-b14d-fc7f082cf16b
019a0c2f-9afa-7300-99c1-dd0fca90951b,2025-11-11T19:30:00,Баку,Азербайджан,[сумерки] BAKU,1,[сумерки] BAKU 1,сумерки1,[сумерки],medium,«Сумерки»,лёгкая,"7 раундов, 2 часа",классика,Paulaner Braühaus,"25B 8 Noyabr Prospekti, Bakı 1025",15,₼,finished,0,0,0,10,https://baku.quizplease.com/game/019a0c2f-9afa-7300-99c1-dd0fca90951b
019a0c2f-9fd9-7251-acb1-a7793d296f0f,2025-11-14T19:30:00,Баку,Азербайджан,"Квиз, плиз! BAKU",124,"Квиз, плиз! BAKU 124",классика124,"Квиз, плиз!",medium,,,,,SAFRANI,"Улица Бакиханова 29, Баку",15,₼,finished,0,0,0,10,https://baku.quizplease.com/game/019a0c2f-9fd9-7251-acb1-a7793d296f0f
019a0c2f-a653-738d-a060-c806d6595205,2025-11-18T19:30:00,Баку,Азербайджан,[культовые сериалы] BAKU,1,[культовые сериалы] BAKU 1,культовыесериалы1,[культовые сериалы],medium,,,,,Paulaner Braühaus,"25B 8 Noyabr Prospekti, Bakı 1025",15,₼,finished,0,0,0,9,https://baku.quizplease.com/game/019a0c2f-a653-738d-a060-c806d6595205
019a0c2f-ab04-73e4-b814-cf58cfcb2658,2025-11-21T19:30:00,Баку,Азербайджан,"Квиз, плиз! BAKU",125,"Квиз, плиз! BAKU 125",классика125,"Квиз, плиз!",medium,,,,,Paulaner Braühaus,"25B 8 Noyabr Prospekti, Bakı 1025",15,₼,finished,0,0,0,12,https://baku.quizplease.com/game/019a0c2f-ab04-73e4-b814-cf58cfcb2658
019a0c2f-b15c-71a3-b18b-ff787738aaba,2025-11-25T19:30:00,Баку,Азербайджан,Гарри Поттер [Хогвартс] 7 курс BAKU,,Гарри Поттер [Хогвартс] 7 курс BAKU,7курс,Гарри Поттер [Хогвартс] 7 курс,medium,,,,,Paulaner Braühaus,"25B 8 Noyabr Prospekti, Bakı 1025",15,₼,finished,0,0,0,11,https://baku.quizplease.com/game/019a0c2f-b15c-71a3-b18b-ff787738aaba
019a0c2f-b83e-71ee-bc42-a5de39e46c8f,2025-11-28T19:30:00,Баку,Азербайджан,"Квиз, плиз! [включаем логику] BAKU",1,"Квиз, плиз! [включаем логику] BAKU 1",включаемлогику1,"Квиз, плиз! [включаем логику]",hard,,,,,Paulaner Braühaus,"25B 8 Noyabr Prospekti, Bakı 1025",15,₼,finished,0,0,0,20,https://baku.quizplease.com/game/019a0c2f-b83e-71ee-bc42-a5de39e46c8f
019aba96-707c-70d4-b397-c79a0b671b99,2025-12-02T19:30:00,Баку,Азербайджан,[music party] хиты BAKU,1,[music party] хиты BAKU 1,хиты1,[music party] хиты,medium,,,,,Roomka,"57 Mehdi Mehdizadə küç., Bakı 1000",15,₼,finished,0,0,0,10,https://baku.quizplease.com/game/019aba96-707c-70d4-b397-c79a0b671b99
019ad91e-3f66-71a7-9ed2-85d0a816d031,2025-12-05T19:30:00,Баку,Азербайджан,ОТКРЫТИЕ ЗИМНЕГО СЕЗОНА BAKU,,ОТКРЫТИЕ ЗИМНЕГО СЕЗОНА BAKU,осзима2025,ОТКРЫТИЕ ЗИМНЕГО СЕЗОНА,hard,обо всём,посложнее,"7 раундов, 2,5 часа",классика,Paulaner Braühaus,"25B 8 Noyabr Prospekti, Bakı 1025",15,₼,finished,0,0,0,13,https://baku.quizplease.com/game/019ad91e-3f66-71a7-9ed2-85d0a816d031
019ad91e-3e79-7036-bef2-e7c37422b004,2025-12-09T19:30:00,Баку,Азербайджан,[Очень странные дела] BAKU,1,[Очень странные дела] BAKU 1,очень1,[Очень странные дела],medium,,,,,Paulaner Braühaus,"25B 8 Noyabr Prospekti, Bakı 1025",15,₼,finished,0,0,0,12,https://baku.quizplease.com/game/019ad91e-3e79-7036-bef2-e7c37422b004
019ad91e-4071-7070-ba0b-12e294a8169c,2025-12-12T19:30:00,Баку,Азербайджан,"Квиз, плиз! BAKU",126,"Квиз, плиз! BAKU 126",классика126,"Квиз, плиз!",medium,,,,,Paulaner Braühaus,"25B 8 Noyabr Prospekti, Bakı 1025",15,₼,finished,0,0,0,12,https://baku.quizplease.com/game/019ad91e-4071-7070-ba0b-12e294a8169c
019b0ea3-ab3b-71a4-9371-ff6eaec1f509,2025-12-16T19:30:00,Баку,Азербайджан,[караоке] праздничное BAKU,1,[караоке] праздничное BAKU 1,Праздничное1,[караоке] праздничное,light,,,,,Roomka,"57 Mehdi Mehdizadə küç., Bakı 1000",15,₼,finished,0,0,0,13,https://baku.quizplease.com/game/019b0ea3-ab3b-71a4-9371-ff6eaec1f509
019ae418-c942-722d-b9f6-542cfd3a79f0,2025-12-19T19:30:00,Баку,Азербайджан,[кинофраншизы] BAKU,1,[кинофраншизы] BAKU 1,кинофраншизы1,[кинофраншизы],medium,,,,,Paulaner Braühaus,"25B 8 Noyabr Prospekti, Bakı 1025",15,₼,finished,0,0,0,11,https://baku.quizplease.com/game/019ae418-c942-722d-b9f6-542cfd3a79f0
019ad91e-4812-70d7-a33f-6dbbf70833da,2025-12-23T19:30:00,Баку,Азербайджан,Гарри Поттер [Хогвартс] Выпускной BAKU,,Гарри Поттер [Хогвартс] Выпускной BAKU,Хогвартс выпускной,Гарри Поттер [Хогвартс] Выпускной,medium,,,,,Paulaner Braühaus,"25B 8 Noyabr Prospekti, Bakı 1025",15,₼,finished,0,0,0,10,https://baku.quizplease.com/game/019ad91e-4812-70d7-a33f-6dbbf70833da
019b01e5-baa1-7040-99fe-d7b5f43c00f2,2025-12-30T19:30:00,Баку,Азербайджан,[HELLO 2026] BAKU,,[HELLO 2026] BAKU,2026,[HELLO 2026],medium,,,,,Paulaner Braühaus,"25B 8 Noyabr Prospekti, Bakı 1025",15,₼,finished,0,0,0,32,https://baku.quizplease.com/game/019b01e5-baa1-7040-99fe-d7b5f43c00f2
019b6a97-39dc-73bc-b787-2e92555c929a,2026-01-06T19:30:00,Баку,Азербайджан,[про кино] Гарри Поттер BAKU,5,[про кино] Гарри Поттер BAKU 5,гаррипрокино5,[про кино] Гарри Поттер,medium,,,,,Paulaner Braühaus,"25B 8 Noyabr Prospekti, Bakı 1025",15,₼,finished,0,0,0,9,https://baku.quizplease.com/game/019b6a97-39dc-73bc-b787-2e92555c929a
019b8dbf-c5dc-70b9-9b8c-605661b516ce,2026-01-09T19:30:00,Баку,Азербайджан,"Квиз, плиз! BAKU",127,"Квиз, плиз! BAKU 127",классика127,"Квиз, плиз!",medium,,,,,Paulaner Braühaus,"25B 8 Noyabr Prospekti, Bakı 1025",15,₼,finished,0,0,0,10,https://baku.quizplease.com/game/019b8dbf-c5dc-70b9-9b8c-605661b516ce
019b8dbf-c642-7116-b05b-d8d6b5361db6,2026-01-13T19:30:00,Баку,Азербайджан,[назад в детство] BAKU,1,[назад в детство] BAKU 1,назадвдетство1,[назад в детство],medium,,,,,Paulaner Braühaus,"25B 8 Noyabr Prospekti, Bakı 1025",15,₼,finished,0,0,0,10,https://baku.quizplease.com/game/019b8dbf-c642-7116-b05b-d8d6b5361db6
019b8dbf-c6a4-7283-9385-8d1e028d8aad,2026-01-16T19:30:00,Баку,Азербайджан,[кино и музыка] BAKU,10,[кино и музыка] BAKU 10,ким10,[кино и музыка],medium,,,,,Paulaner Braühaus,"25B 8 Noyabr Prospekti, Bakı 1025",15,₼,finished,0,0,0,13,https://baku.quizplease.com/game/019b8dbf-c6a4-7283-9385-8d1e028d8aad
019b8dbf-c737-71a5-b8fa-4f9bf564b43c,2026-01-21T19:30:00,Баку,Азербайджан,[Очень странные дела] BAKU,2,[Очень странные дела] BAKU 2,ОСД2,[Очень странные дела],medium,,,,,Paulaner Braühaus,"25B 8 Noyabr Prospekti, Bakı 1025",15,₼,finished,0,0,0,22,https://baku.quizplease.com/game/019b8dbf-c737-71a5-b8fa-4f9bf564b43c
019b8dbf-c803-70c0-835d-a745edb78e79,2026-01-23T19:30:00,Баку,Азербайджан,"Квиз, плиз! BAKU",128,"Квиз, плиз! BAKU 128",классика128,"Квиз, плиз!",medium,,,,,Paulaner Braühaus,"25B 8 Noyabr Prospekti, Bakı 1025",15,₼,finished,0,0,0,12,https://baku.quizplease.com/game/019b8dbf-c803-70c0-835d-a745edb78e79
019b8dbf-c861-70ad-b643-05cac98e1bc7,2026-01-27T19:30:00,Баку,Азербайджан,[музыкальная битва] BAKU,1,[музыкальная битва] BAKU 1,музыкальнаябитва1,[музыкальная битва],hard,выбор музыкальных категорий,посложнее,,кино и музыка,Roomka,"57 Mehdi Mehdizadə küç., Bakı 1000",15,₼,finished,0,0,0,12,https://baku.quizplease.com/game/019b8dbf-c861-70ad-b643-05cac98e1bc7
019b8dbf-c905-7200-a189-b9a52763f4dc,2026-01-30T19:30:00,Баку,Азербайджан,[супертурбо] BAKU,1,[супертурбо] BAKU 1,супертурбо1,[супертурбо],medium,про всё,,"7 раундов, 2 часа",классика,Paulaner Braühaus,"25B 8 Noyabr Prospekti, Bakı 1025",15,₼,finished,0,0,0,0,https://baku.quizplease.com/game/019b8dbf-c905-7200-a189-b9a52763f4dc
019c03e9-dd5d-70c7-bbda-b79d15711728,2026-02-03T19:30:00,Баку,Азербайджан,[кино и музыка] 2016-й BAKU,1,[кино и музыка] 2016-й BAKU 1,2016-1,[кино и музыка] 2016-й,medium,,,,,Mezzo Lounge,"220 Dilarə Əliyeva Küçəsi, Bakı, Азербайджан",15,₼,finished,0,0,0,10,https://baku.quizplease.com/game/019c03e9-dd5d-70c7-bbda-b79d15711728
019c03e9-dfa6-70d5-b9cb-febf71fb9935,2026-02-06T19:30:00,Баку,Азербайджан,"Квиз, плиз! BAKU",129,"Квиз, плиз! BAKU 129",классика129,"Квиз, плиз!",medium,,,,,Mezzo Lounge,"220 Dilarə Əliyeva Küçəsi, Bakı, Азербайджан",15,₼,finished,0,0,0,9,https://baku.quizplease.com/game/019c03e9-dfa6-70d5-b9cb-febf71fb9935
019c2cf9-5592-72a0-842d-097da5359cbf,2026-02-10T19:30:00,Баку,Азербайджан,[300к1] BAKU,2,[300к1] BAKU 2,300к12,[300к1],light,,,,,Mezzo Lounge,"220 Dilarə Əliyeva Küçəsi, Bakı, Азербайджан",15,₼,finished,0,0,0,7,https://baku.quizplease.com/game/019c2cf9-5592-72a0-842d-097da5359cbf
019c4630-7163-7147-89dc-93311ee2cd77,2026-02-13T19:30:00,Баку,Азербайджан,"[music party] про любовь, про тебя BAKU",1,"[music party] про любовь, про тебя BAKU 1",любовь1,"[music party] про любовь, про тебя",medium,про любовь,нормальная,"8 раундов, 2 часа",кино и музыка,Emirgan Sütiş,"60 Nizami St, Baku 1005 (NARGIZ MALL, 3 этаж)",15,₼,finished,0,0,0,10,https://baku.quizplease.com/game/019c4630-7163-7147-89dc-93311ee2cd77
019c5228-2d77-7278-8218-c96cff00229f,2026-02-17T19:30:00,Баку,Азербайджан,[назад в 90-е] BAKU,1,[назад в 90-е] BAKU 1,Назадв90-1,[назад в 90-е],medium,,,,,Paulaner Braühaus,"25B 8 Noyabr Prospekti, Bakı 1025",15,₼,finished,0,0,0,8,https://baku.quizplease.com/game/019c5228-2d77-7278-8218-c96cff00229f
019c7517-58d8-7299-b931-09819e9e04b1,2026-02-20T19:30:00,Баку,Азербайджан,"Квиз, плиз! BAKU",130,"Квиз, плиз! BAKU 130",классика130,"Квиз, плиз!",medium,,,,,Emirgan Sütiş,"60 Nizami St, Baku 1005 (NARGIZ MALL, 3 этаж)",15,₼,finished,0,0,0,7,https://baku.quizplease.com/game/019c7517-58d8-7299-b931-09819e9e04b1
019c4b49-f2fc-72dd-9ec8-0f36e643af46,2026-02-21T20:30:00,Баку,Азербайджан,[afterparty] BAKU,1,[afterparty] BAKU 1,afterparty1,[afterparty],light,,,,,dot.,"60 Nizami St (Nargiz Mall, 3 этаж)",25,₼,finished,0,0,0,5,https://baku.quizplease.com/game/019c4b49-f2fc-72dd-9ec8-0f36e643af46
019c5671-89d2-70da-af3d-5e39cfd7b21a,2026-02-27T19:30:00,Баку,Азербайджан,ОТКРЫТИЕ ВЕСЕННЕГО СЕЗОНА  BAKU,,ОТКРЫТИЕ ВЕСЕННЕГО СЕЗОНА  BAKU,ОС ВЕСНА 2026,ОТКРЫТИЕ ВЕСЕННЕГО СЕЗОНА,hard,обо всём,посложнее,"7 раундов, 2,5 часа",классика,Paulaner Braühaus,"25B 8 Noyabr Prospekti, Bakı 1025",15,₼,finished,0,0,0,10,https://baku.quizplease.com/game/019c5671-89d2-70da-af3d-5e39cfd7b21a
019c9032-5f47-702b-b167-ddcb16520d1a,2026-03-03T19:30:00,Баку,Азербайджан,[music party] угадываем хиты BAKU,1,[music party] угадываем хиты BAKU 1,угадываемхиты1,[music party] угадываем хиты,light,,,,,Paulaner Braühaus,"25B 8 Noyabr Prospekti, Bakı 1025",15,₼,finished,0,0,0,8,https://baku.quizplease.com/game/019c9032-5f47-702b-b167-ddcb16520d1a
019c9032-6023-731f-8544-9da1f2332d33,2026-03-06T19:30:00,Баку,Азербайджан,"Квиз, плиз! BAKU",131,"Квиз, плиз! BAKU 131",классика131,"Квиз, плиз!",medium,,,,,Paulaner Braühaus,"25B 8 Noyabr Prospekti, Bakı 1025",15,₼,finished,0,0,0,8,https://baku.quizplease.com/game/019c9032-6023-731f-8544-9da1f2332d33
019c8e7b-accb-73d4-bdf6-b2fbd24dfdf3,2026-03-08T20:00:00,Баку,Азербайджан,[девичник] для милых дам BAKU,1,[девичник] для милых дам BAKU 1,девичник1,[девичник] для милых дам,light,,,,,dot.,"60 Nizami St (Nargiz Mall, 3 этаж)",20,₼,finished,0,0,0,0,https://baku.quizplease.com/game/019c8e7b-accb-73d4-bdf6-b2fbd24dfdf3
019c9032-6086-7324-9940-f8db24d94be7,2026-03-10T19:30:00,Баку,Азербайджан,[кино и музыка] изи BAKU,3,[кино и музыка] изи BAKU 3,кимизи3,[кино и музыка] изи,light,кино и музыка,лёгкая,"7 раундов, 2 часа",кино и музыка,Paulaner Braühaus,"25B 8 Noyabr Prospekti, Bakı 1025",15,₼,finished,0,0,0,7,https://baku.quizplease.com/game/019c9032-6086-7324-9940-f8db24d94be7
019c9032-60f4-7161-863f-01378516fdd0,2026-03-13T19:30:00,Баку,Азербайджан,"Квиз, плиз! [включаем логику] BAKU",2,"Квиз, плиз! [включаем логику] BAKU 2",включаемлогику2,"Квиз, плиз! [включаем логику]",hard,,,,,Paulaner Braühaus,"25B 8 Noyabr Prospekti, Bakı 1025",15,₼,finished,0,0,0,11,https://baku.quizplease.com/game/019c9032-60f4-7161-863f-01378516fdd0
019c9032-615b-71f9-8c96-c878495c04b3,2026-03-17T19:30:00,Баку,Азербайджан,[Властелин колец] BAKU,1,[Властелин колец] BAKU 1,властелинколец1,[Властелин колец],medium,,,,,Paulaner Braühaus,"25B 8 Noyabr Prospekti, Bakı 1025",15,₼,finished,0,0,0,9,https://baku.quizplease.com/game/019c9032-615b-71f9-8c96-c878495c04b3
019c9032-61c4-713b-8b79-96f409c55ffb,2026-03-20T19:30:00,Баку,Азербайджан,"Квиз, плиз! BAKU",132,"Квиз, плиз! BAKU 132",классика132,"Квиз, плиз!",medium,,,,,Paulaner Braühaus,"25B 8 Noyabr Prospekti, Bakı 1025",15,₼,finished,0,0,0,11,https://baku.quizplease.com/game/019c9032-61c4-713b-8b79-96f409c55ffb
019c9032-62d8-71e3-b721-0cdd4559dd66,2026-03-24T19:30:00,Баку,Азербайджан,[Disney & Pixar]  BAKU,1,[Disney & Pixar]  BAKU 1,диснейпиксар1,[Disney & Pixar] ,medium,,,,,Paulaner Braühaus,"25B 8 Noyabr Prospekti, Bakı 1025",15,₼,finished,0,0,0,8,https://baku.quizplease.com/game/019c9032-62d8-71e3-b721-0cdd4559dd66
019c9032-641a-7121-8a24-d899066c91cc,2026-03-27T19:30:00,Баку,Азербайджан,[18+] BAKU,1,[18+] BAKU 1,18_1,[18+],medium,,,,,Paulaner Braühaus,"25B 8 Noyabr Prospekti, Bakı 1025",15,₼,finished,0,0,0,13,https://baku.quizplease.com/game/019c9032-641a-7121-8a24-d899066c91cc
019d2e58-e5ec-70f7-8ec8-e778c2b7479e,2026-04-03T19:30:00,Баку,Азербайджан,[Happy Birthday] BAKU,3,[Happy Birthday] BAKU 3,хепибездей3,[Happy Birthday],medium,,,,,Paulaner Braühaus,"25B 8 Noyabr Prospekti, Bakı 1025",15,₼,finished,0,0,0,0,https://baku.quizplease.com/game/019d2e58-e5ec-70f7-8ec8-e778c2b7479e
019d2e58-e687-7164-a824-f026ec312c40,2026-04-07T19:30:00,Баку,Азербайджан,[музыкальная битва] BAKU,2,[музыкальная битва] BAKU 2,музбитва2,[музыкальная битва],hard,выбор музыкальных категорий,посложнее,,кино и музыка,Chill and Meal,33A Yusif Səfərov küçəsi,15,₼,finished,0,0,0,0,https://baku.quizplease.com/game/019d2e58-e687-7164-a824-f026ec312c40
019d2e58-e71a-712b-bc7d-c1cf715851b6,2026-04-10T19:30:00,Баку,Азербайджан,"Квиз, плиз! BAKU",133,"Квиз, плиз! BAKU 133",классика133,"Квиз, плиз!",medium,,,,,Paulaner Braühaus,"25B 8 Noyabr Prospekti, Bakı 1025",15,₼,finished,0,0,0,0,https://baku.quizplease.com/game/019d2e58-e71a-712b-bc7d-c1cf715851b6
019d2e58-e7aa-7341-91fd-1b48ae3b4e1f,2026-04-14T19:30:00,Баку,Азербайджан,"Квиз, плиз! [криминальный] BAKU",1,"Квиз, плиз! [криминальный] BAKU 1",криминал1,"Квиз, плиз! [криминальный]",medium,,,,,Paulaner Braühaus,"25B 8 Noyabr Prospekti, Bakı 1025",15,₼,finished,0,0,0,0,https://baku.quizplease.com/game/019d2e58-e7aa-7341-91fd-1b48ae3b4e1f
019d2e58-e83e-707f-93d4-465bcaa186db,2026-04-17T19:30:00,Баку,Азербайджан,[железные яйца] BAKU,1,[железные яйца] BAKU 1,железные1,[железные яйца],hard,,,,,Paulaner Braühaus,"25B 8 Noyabr Prospekti, Bakı 1025",15,₼,finished,0,0,0,0,https://baku.quizplease.com/game/019d2e58-e83e-707f-93d4-465bcaa186db
019c5671-8771-71a2-813b-325f75229e2f,2026-04-21T19:30:00,Баку,Азербайджан,[мемы и приколы] 18+ BAKU,1,[мемы и приколы] 18+ BAKU 1,мемыиприколы181,[мемы и приколы] 18+,medium,мемы,нормальная,"7 раундов, 2 часа",классика,Chill and Meal,33A Yusif Səfərov küçəsi,15,₼,finished,0,0,0,0,https://baku.quizplease.com/game/019c5671-8771-71a2-813b-325f75229e2f
019d2e58-e8d2-70f6-aeea-ccea8f1d0e6b,2026-04-24T19:30:00,Баку,Азербайджан,"Квиз, плиз! BAKU",134,"Квиз, плиз! BAKU 134",классика134,"Квиз, плиз!",medium,,,,,Paulaner Braühaus,"25B 8 Noyabr Prospekti, Bakı 1025",15,₼,finished,0,0,0,0,https://baku.quizplease.com/game/019d2e58-e8d2-70f6-aeea-ccea8f1d0e6b
019d2e58-e964-72f3-af51-08bccc162ae0,2026-04-28T19:30:00,Баку,Азербайджан,[вселенная Гарри Поттера] BAKU,1,[вселенная Гарри Поттера] BAKU 1,вселеннаягарри1,[вселенная Гарри Поттера],medium,,,,,Paulaner Braühaus,"25B 8 Noyabr Prospekti, Bakı 1025",15,₼,finished,0,0,0,0,https://baku.quizplease.com/game/019d2e58-e964-72f3-af51-08bccc162ae0
019dcd7d-2c58-71f7-9ee9-c5c106dbf3a5,2026-05-01T19:30:00,Баку,Азербайджан,"Квиз, плиз! BAKU",135,"Квиз, плиз! BAKU 135",классика135,"Квиз, плиз!",medium,,,,,Paulaner Braühaus,"25B 8 Noyabr Prospekti, Bakı 1025",15,₼,finished,0,0,0,14,https://baku.quizplease.com/game/019dcd7d-2c58-71f7-9ee9-c5c106dbf3a5
019de7da-5748-7293-aa47-dc8c9f496562,2026-05-05T19:30:00,Баку,Азербайджан,[music party] поп-хиты BAKU,1,[music party] поп-хиты BAKU 1,попхиты1,[music party] поп-хиты,medium,,,,,Paulaner Braühaus,"25B 8 Noyabr Prospekti, Bakı 1025",15,₼,finished,0,0,0,9,https://baku.quizplease.com/game/019de7da-5748-7293-aa47-dc8c9f496562
019dde36-ccb0-723c-b55e-c62bc1c18ac3,2026-05-08T19:30:00,Баку,Азербайджан,"Квиз, плиз! [секретная тема] BAKU",1,"Квиз, плиз! [секретная тема] BAKU 1",секретнаятема1,"Квиз, плиз! [секретная тема]",medium,???,нормальная,,классика,Paulaner Braühaus,"25B 8 Noyabr Prospekti, Bakı 1025",15,₼,finished,0,0,0,14,https://baku.quizplease.com/game/019dde36-ccb0-723c-b55e-c62bc1c18ac3
019dcd7d-2ea0-727e-ae44-079365d51649,2026-05-12T19:30:00,Баку,Азербайджан,[music party] рок BAKU,1,[music party] рок BAKU 1,рок1,[music party] рок,medium,,,,,Paulaner Braühaus,"25B 8 Noyabr Prospekti, Bakı 1025",15,₼,finished,0,0,0,6,https://baku.quizplease.com/game/019dcd7d-2ea0-727e-ae44-079365d51649
019dcd7d-2e08-7184-8c47-a006e8fc631c,2026-05-15T19:30:00,Баку,Азербайджан,"Квиз, плиз! BAKU",136,"Квиз, плиз! BAKU 136",классика136,"Квиз, плиз!",medium,,,,,Paulaner Braühaus,"25B 8 Noyabr Prospekti, Bakı 1025",15,₼,finished,0,0,0,7,https://baku.quizplease.com/game/019dcd7d-2e08-7184-8c47-a006e8fc631c
019de7da-5699-7212-a6b1-45d4aeaa8666,2026-05-19T19:30:00,Баку,Азербайджан,[топовые видеоигры] BAKU,1,[топовые видеоигры] BAKU 1,топовыевидеоигры1,[топовые видеоигры],light,,,,,Paulaner Braühaus,"25B 8 Noyabr Prospekti, Bakı 1025",15,₼,finished,0,0,0,10,https://baku.quizplease.com/game/019de7da-5699-7212-a6b1-45d4aeaa8666
019e4a78-8735-7094-b8a1-5d0fc5efc64a,2026-05-22T19:30:00,Баку,Азербайджан,[супертурбо] BAKU,2,[супертурбо] BAKU 2,супертурбо2,[супертурбо],medium,про всё,,"7 раундов, 2 часа",классика,Paulaner Braühaus,"25B 8 Noyabr Prospekti, Bakı 1025",15,₼,finished,0,0,0,10,https://baku.quizplease.com/game/019e4a78-8735-7094-b8a1-5d0fc5efc64a
019dcd7d-3916-703d-8278-7d339dc14914,2026-05-26T19:30:00,Баку,Азербайджан,[кино и музыка] BAKU,11,[кино и музыка] BAKU 11,ким11,[кино и музыка],medium,,,,,Paulaner Braühaus,"25B 8 Noyabr Prospekti, Bakı 1025",15,₼,finished,0,0,0,0,https://baku.quizplease.com/game/019dcd7d-3916-703d-8278-7d339dc14914
019dcd7d-44f0-723b-ab7c-8ee04ef8a1ac,2026-05-29T19:30:00,Баку,Азербайджан,ОТКРЫТИЕ ЛЕТНЕГО СЕЗОНА BAKU,,ОТКРЫТИЕ ЛЕТНЕГО СЕЗОНА BAKU,ослето2026,ОТКРЫТИЕ ЛЕТНЕГО СЕЗОНА,hard,обо всём,посложнее,"7 раундов, 2,5 часа",классика,Paulaner Braühaus,"25B 8 Noyabr Prospekti, Bakı 1025",15,₼,finished,0,0,0,0,https://baku.quizplease.com/game/019dcd7d-44f0-723b-ab7c-8ee04ef8a1ac
019e4a79-f525-712d-beae-3e4bd18c11c6,2026-06-02T19:30:00,Баку,Азербайджан,[music party] угадываем хиты BAKU,2,[music party] угадываем хиты BAKU 2,угадываемхиты2,[music party] угадываем хиты,light,,,,,Paulaner Braühaus,"25B 8 Noyabr Prospekti, Bakı 1025",15,₼,finished,0,0,0,0,https://baku.quizplease.com/game/019e4a79-f525-712d-beae-3e4bd18c11c6
019e44de-2ed4-73e1-8fba-5cdbe2d5490d,2026-06-05T19:30:00,Баку,Азербайджан,"Квиз, плиз! [включаем логику] BAKU",3,"Квиз, плиз! [включаем логику] BAKU 3",включаемлогику3,"Квиз, плиз! [включаем логику]",hard,,,,,Paulaner Braühaus,"25B 8 Noyabr Prospekti, Bakı 1025",15,₼,finished,0,0,0,0,https://baku.quizplease.com/game/019e44de-2ed4-73e1-8fba-5cdbe2d5490d
019e4a79-f5f6-7153-8371-4dbe12a47b78,2026-06-09T19:30:00,Баку,Азербайджан,[топовые фильмы] BAKU,2,[топовые фильмы] BAKU 2,топовыефильмы2,[топовые фильмы],medium,про кино,нормальная,"7 раундов, 2 часа",кино и музыка,Paulaner Braühaus,"25B 8 Noyabr Prospekti, Bakı 1025",15,₼,finished,0,0,0,0,https://baku.quizplease.com/game/019e4a79-f5f6-7153-8371-4dbe12a47b78
019e44de-2fd9-71b2-a4a6-51bdc667dfe6,2026-06-12T19:30:00,Баку,Азербайджан,"Квиз, плиз! BAKU",137,"Квиз, плиз! BAKU 137",классика137,"Квиз, плиз!",medium,,,,,Avenue,"72 Heydər Əliyev prospekti, Bakı 1030",15,₼,finished,0,0,0,0,https://baku.quizplease.com/game/019e44de-2fd9-71b2-a4a6-51bdc667dfe6
019e44de-30a9-72e5-bb9c-fe2273c62bc7,2026-06-16T19:30:00,Баку,Азербайджан,[назад в 2010-е] BAKU,1,[назад в 2010-е] BAKU 1,назадв2010,[назад в 2010-е],medium,2010-е,,"7 раундов, 2 часа",классика,Paulaner Braühaus,"25B 8 Noyabr Prospekti, Bakı 1025",15,₼,finished,0,0,0,0,https://baku.quizplease.com/game/019e44de-30a9-72e5-bb9c-fe2273c62bc7
019e4a79-f72f-7061-90e3-d065c92e5286,2026-06-19T19:30:00,Баку,Азербайджан,"Квиз, плиз! 100 вопросов обо всем BAKU",1,"Квиз, плиз! 100 вопросов обо всем BAKU 1",100вопросов1,"Квиз, плиз! 100 вопросов обо всём",medium,,,,,Avenue,"72 Heydər Əliyev prospekti, Bakı 1030",15,₼,finished,0,0,0,0,https://baku.quizplease.com/game/019e4a79-f72f-7061-90e3-d065c92e5286
019e44de-32b7-71f4-80b8-bfb891c09b09,2026-06-23T19:30:00,Баку,Азербайджан,[про футбол] BAKU,1,[про футбол] BAKU 1,профутбол1,[про футбол],medium,,,,,Paulaner Braühaus,"25B 8 Noyabr Prospekti, Bakı 1025",15,₼,finished,0,0,0,0,https://baku.quizplease.com/game/019e44de-32b7-71f4-80b8-bfb891c09b09
019e44de-3184-7182-9bba-6e419ca29a3f,2026-06-26T19:30:00,Баку,Азербайджан,[18+] BAKU,2,[18+] BAKU 2,18-2игра,[18+],medium,,,,,Avenue,"72 Heydər Əliyev prospekti, Bakı 1030",15,₼,finished,0,0,0,0,https://baku.quizplease.com/game/019e44de-3184-7182-9bba-6e419ca29a3f
019e44de-345e-70ec-9ef6-e407a400198b,2026-06-30T19:30:00,Баку,Азербайджан,[music party] летние хиты BAKU,1,[music party] летние хиты BAKU 1,нормлетниехиты1,[music party] летние хиты,light,,,,,Paulaner Braühaus,"25B 8 Noyabr Prospekti, Bakı 1025",15,₼,finished,0,0,0,8,https://baku.quizplease.com/game/019e44de-345e-70ec-9ef6-e407a400198b
019f1291-ce3b-714d-a179-e1667026c75e,2026-07-03T19:30:00,Баку,Азербайджан,"Квиз, плиз! BAKU",138,"Квиз, плиз! BAKU 138",классика138,"Квиз, плиз!",medium,,,,,Avenue,"72 Heydər Əliyev prospekti, Bakı 1030",15,₼,finished,0,0,0,11,https://baku.quizplease.com/game/019f1291-ce3b-714d-a179-e1667026c75e
019f1291-ceb9-7143-b83c-8aaea4001783,2026-07-10T19:30:00,Баку,Азербайджан,[про кино и сериалы] BAKU,1,[про кино и сериалы] BAKU 1,прокиноисериалы1,[про кино и сериалы],medium,,,,,Avenue,"72 Heydər Əliyev prospekti, Bakı 1030",15,₼,finished,0,0,0,12,https://baku.quizplease.com/game/019f1291-ceb9-7143-b83c-8aaea4001783
019f1291-cf49-71b7-8cb1-9118c730dc70,2026-07-14T19:30:00,Баку,Азербайджан,[Шрек] BAKU,1,[Шрек] BAKU 1,шрек1,[Шрек],light,,,,,Avenue,"72 Heydər Əliyev prospekti, Bakı 1030",15,₼,finished,0,0,0,0,https://baku.quizplease.com/game/019f1291-cf49-71b7-8cb1-9118c730dc70
019f1291-cfa8-70fc-8be7-1e6234dad731,2026-07-17T19:30:00,Баку,Азербайджан,[железные яйца] BAKU,2,[железные яйца] BAKU 2,железныеяйца2,[железные яйца],hard,,,,,Avenue,"72 Heydər Əliyev prospekti, Bakı 1030",15,₼,finished,0,0,0,7,https://baku.quizplease.com/game/019f1291-cfa8-70fc-8be7-1e6234dad731
019f1ddd-8ed1-729e-8a2a-56eab69f7f45,2026-07-21T19:30:00,Баку,Азербайджан,[мемы и приколы] золотая коллекция BAKU,1,[мемы и приколы] золотая коллекция BAKU 1,мемыиприколы1,[мемы и приколы] золотая коллекция,medium,,,,,Paulaner Braühaus,"25B 8 Noyabr Prospekti, Bakı 1025",15,₼,finished,0,0,0,10,https://baku.quizplease.com/game/019f1ddd-8ed1-729e-8a2a-56eab69f7f45
019f1291-d011-71a0-b68f-4f9987c59cf1,2026-07-24T19:30:00,Баку,Азербайджан,"Квиз, плиз! BAKU",139,"Квиз, плиз! BAKU 139",классика139,"Квиз, плиз!",medium,,,,,Avenue,"72 Heydər Əliyev prospekti, Bakı 1030",15,₼,finished,0,0,0,6,https://baku.quizplease.com/game/019f1291-d011-71a0-b68f-4f9987c59cf1
019f1291-d079-706b-a62b-75296ae68aad,2026-07-28T19:30:00,Баку,Азербайджан,[угадываем исполнителей] 2000-е BAKU,1,[угадываем исполнителей] 2000-е BAKU 1,угадываем2000,[угадываем исполнителей] 2000-е,light,,,,,Paulaner Braühaus,"25B 8 Noyabr Prospekti, Bakı 1025",15,₼,finished,0,0,0,11,https://baku.quizplease.com/game/019f1291-d079-706b-a62b-75296ae68aad
019f4cf2-365d-73d0-ac40-fa8c0414cd9c,2026-07-31T19:30:00,Баку,Азербайджан,"[с др, Гарри Поттер!] BAKU",1,"[с др, Гарри Поттер!] BAKU 1",сдгарри2,"[с др, Гарри Поттер!]",medium,,,,,Avenue,"72 Heydər Əliyev prospekti, Bakı 1030",15,₼,finished,0,0,0,9,https://baku.quizplease.com/game/019f4cf2-365d-73d0-ac40-fa8c0414cd9c
019fa993-b347-73bb-adfa-e6b2954e00ec,2026-08-04T19:30:00,Баку,Азербайджан,[Marvel vs DC] BAKU,1,[Marvel vs DC] BAKU 1,marveldc1,[Marvel vs DC],medium,,,,,Avenue,"72 Heydər Əliyev prospekti, Bakı 1030",15,₼,finished,0,0,0,7,https://baku.quizplease.com/game/019fa993-b347-73bb-adfa-e6b2954e00ec
019fa990-6fcd-715d-9500-fd018c250b00,2026-08-07T19:30:00,Баку,Азербайджан,"Квиз, плиз! BAKU",140,"Квиз, плиз! BAKU 140",классика140,"Квиз, плиз!",medium,,,,,Avenue,"72 Heydər Əliyev prospekti, Bakı 1030",15,₼,finished,0,0,0,10,https://baku.quizplease.com/game/019fa990-6fcd-715d-9500-fd018c250b00
019fa9a1-8701-70e6-a9f4-8f069022553a,2026-08-11T19:30:00,Баку,Азербайджан,[рок vs попса] BAKU,3,[рок vs попса] BAKU 3,рокvsпопса,[рок vs попса],medium,,,,,Paulaner Braühaus,"25B 8 Noyabr Prospekti, Bakı 1025",15,₼,finished,0,0,0,8,https://baku.quizplease.com/game/019fa9a1-8701-70e6-a9f4-8f069022553a
019fa9a9-809c-70cc-a6a8-7987692601bb,2026-08-14T19:30:00,Баку,Азербайджан,[топовые фильмы и сериалы] BAKU,2,[топовые фильмы и сериалы] BAKU 2,топовыефильмысериалы2,[топовые фильмы и сериалы],medium,про кино и сериалы,нормальная,"7 раундов, 2 часа",кино и музыка,Avenue,"72 Heydər Əliyev prospekti, Bakı 1030",15,₼,finished,0,0,0,8,https://baku.quizplease.com/game/019fa9a9-809c-70cc-a6a8-7987692601bb
019fa9a3-503d-72ec-989d-97ab7f3198a5,2026-08-18T19:30:00,Баку,Азербайджан,[треш и угар] 18+ BAKU,1,[треш и угар] 18+ BAKU 1,трешиугар1,[треш и угар] 18+,medium,,,,,Paulaner Braühaus,"25B 8 Noyabr Prospekti, Bakı 1025",15,₼,finished,0,0,0,7,https://baku.quizplease.com/game/019fa9a3-503d-72ec-989d-97ab7f3198a5
019fa9a7-0b57-726d-aee8-9e411b17ff94,2026-08-25T19:30:00,Баку,Азербайджан,[music party] 100 хитов BAKU,1,[music party] 100 хитов BAKU 1,100хитов1,[music party] 100 хитов,light,самые разные песни,лёгкая,,кино и музыка,Paulaner Braühaus,"25B 8 Noyabr Prospekti, Bakı 1025",15,₼,finished,0,0,0,8,https://baku.quizplease.com/game/019fa9a7-0b57-726d-aee8-9e411b17ff94
019fa9ae-38e9-71ee-8349-55c8e9abc868,2026-08-28T19:30:00,Баку,Азербайджан,"Квиз, плиз! [секретная тема] BAKU",2,"Квиз, плиз! [секретная тема] BAKU 2",секретнаятема2,"Квиз, плиз! [секретная тема]",medium,???,нормальная,,классика,Avenue,"72 Heydər Əliyev prospekti, Bakı 1030",15,₼,finished,0,0,0,6,https://baku.quizplease.com/game/019fa9ae-38e9-71ee-8349-55c8e9abc868
01a04287-57c0-70c9-a6db-e2a8f574355e,2026-09-01T19:30:00,Баку,Азербайджан,[видеоигры] BAKU,3,[видеоигры] BAKU 3,видеоигры3,[видеоигры],medium,видеоигры,нормальная,"7 раундов, 2 часа",классика,Paulaner Braühaus,"25B 8 Noyabr Prospekti, Bakı 1025",15,₼,finished,0,0,0,8,https://baku.quizplease.com/game/01a04287-57c0-70c9-a6db-e2a8f574355e
01a04543-5209-738e-afad-d5b732f48e75,2026-09-04T19:30:00,Баку,Азербайджан,"Квиз, плиз! BAKU",141,"Квиз, плиз! BAKU 141",классика141,"Квиз, плиз!",medium,,,,,Avenue,"72 Heydər Əliyev prospekti, Bakı 1030",15,₼,finished,0,0,0,7,https://baku.quizplease.com/game/01a04543-5209-738e-afad-d5b732f48e75
