game_id,date,city,title,game_number,package_number,place_title,place,team,team_id,rank,rank_title,total,round_1,round_2,round_3,round_4,round_5,round_6,round_7,round_8,round_9,round_10
019e44de-345e-70ec-9ef6-e407a400198b,2026-06-30T19:30:00,Баку,[music party] летние хиты BAKU,1,нормлетниехиты1,Paulaner Braühaus,1,Ванси,1179150,,1 золотая пластинка,17,8,9,,,,,,,,
019e44de-345e-70ec-9ef6-e407a400198b,2026-06-30T19:30:00,Баку,[music party] летние хиты BAKU,1,нормлетниехиты1,Paulaner Braühaus,2,Колобки,1179144,,3 золотая пластинка,16.5,8,8.5,,,,,,,,
019e44de-345e-70ec-9ef6-e407a400198b,2026-06-30T19:30:00,Баку,[music party] летние хиты BAKU,1,нормлетниехиты1,Paulaner Braühaus,3,Kubachino,1179153,,1 золотая пластинка,15.5,8,7.5,,,,,,,,
019e44de-345e-70ec-9ef6-e407a400198b,2026-06-30T19:30:00,Баку,[music party] летние хиты BAKU,1,нормлетниехиты1,Paulaner Braühaus,4,Легенды Найт-сити,1179143,,Платиновая пластинка,15.5,9,6.5,,,,,,,,
019e44de-345e-70ec-9ef6-e407a400198b,2026-06-30T19:30:00,Баку,[music party] летние хиты BAKU,1,нормлетниехиты1,Paulaner Braühaus,5,Слон В.,1179149,,2 золотая пластинка.,15,9,6,,,,,,,,
019e44de-345e-70ec-9ef6-e407a400198b,2026-06-30T19:30:00,Баку,[music party] летние хиты BAKU,1,нормлетниехиты1,Paulaner Braühaus,6,Meta-Ersa,1222625,,Новички,14,8,6,,,,,,,,
019e44de-345e-70ec-9ef6-e407a400198b,2026-06-30T19:30:00,Баку,[music party] летние хиты BAKU,1,нормлетниехиты1,Paulaner Braühaus,7,Леди Мага,1179263,,Новички,10.5,5,5.5,,,,,,,,
019e44de-345e-70ec-9ef6-e407a400198b,2026-06-30T19:30:00,Баку,[music party] летние хиты BAKU,1,нормлетниехиты1,Paulaner Braühaus,8,"Паша, не пей!",1179170,,1 виниловая пластинка,8.5,3,5.5,,,,,,,,
019f1291-ce3b-714d-a179-e1667026c75e,2026-07-03T19:30:00,Баку,"Квиз, плиз! BAKU",138,классика138,Avenue,1,Крабовладельческий строй,1179381,unattainable,Недосягаемые,34.5,7,5,6,6.5,6,4,,,,
019f1291-ce3b-714d-a179-e1667026c75e,2026-07-03T19:30:00,Баку,"Квиз, плиз! BAKU",138,классика138,Avenue,2,Легенды Найт-сити,1179384,unattainable,Недосягаемые,31,5,5,5,6,6,4,,,,
019f1291-ce3b-714d-a179-e1667026c75e,2026-07-03T19:30:00,Баку,"Квиз, плиз! BAKU",138,классика138,Avenue,3,Сельджан,1179588,,Новички,28,5,4,4,5,6,4,,,,
019f1291-ce3b-714d-a179-e1667026c75e,2026-07-03T19:30:00,Баку,"Квиз, плиз! BAKU",138,классика138,Avenue,4,Ванси,1179394,rambo,Рэмбо,28,5,6,6,5,6,0,,,,
019f1291-ce3b-714d-a179-e1667026c75e,2026-07-03T19:30:00,Баку,"Квиз, плиз! BAKU",138,классика138,Avenue,5,Колобки,1179383,unattainable,Недосягаемые,27.5,5,2,4,6.5,6,4,,,,
019f1291-ce3b-714d-a179-e1667026c75e,2026-07-03T19:30:00,Баку,"Квиз, плиз! BAKU",138,классика138,Avenue,6,Шерлок,1179386,chuck,Чак Норрис,27,7,5,5,5,3,2,,,,
019f1291-ce3b-714d-a179-e1667026c75e,2026-07-03T19:30:00,Баку,"Квиз, плиз! BAKU",138,классика138,Avenue,7,Byte Brawlers,1179385,unattainable,Недосягаемые,26.5,3,6,6,5.5,4,2,,,,
019f1291-ce3b-714d-a179-e1667026c75e,2026-07-03T19:30:00,Баку,"Квиз, плиз! BAKU",138,классика138,Avenue,8,Adams Family,1179452,sergeant,Сержант,26,4,5,4,6,5,2,,,,
019f1291-ce3b-714d-a179-e1667026c75e,2026-07-03T19:30:00,Баку,"Квиз, плиз! BAKU",138,классика138,Avenue,9,Полёт в никуда,1179425,lieutenant,Лейтенант,26,4,6,4,6,4,2,,,,
019f1291-ce3b-714d-a179-e1667026c75e,2026-07-03T19:30:00,Баку,"Квиз, плиз! BAKU",138,классика138,Avenue,10,"паша, не пей",1224866,rambo,Рэмбо,22.5,5,2,3,5.5,5,2,,,,
019f1291-ce3b-714d-a179-e1667026c75e,2026-07-03T19:30:00,Баку,"Квиз, плиз! BAKU",138,классика138,Avenue,11,Бомбы Нереалки,1224865,,Новички,17.5,5,3,3,3.5,3,0,,,,
019f1291-ceb9-7143-b83c-8aaea4001783,2026-07-10T19:30:00,Баку,[про кино и сериалы] BAKU,1,прокиноисериалы1,Avenue,1,Noldor,1179147,,2 золотая пластинка.,61,6,4,11,7,5,7,21,,,
019f1291-ceb9-7143-b83c-8aaea4001783,2026-07-10T19:30:00,Баку,[про кино и сериалы] BAKU,1,прокиноисериалы1,Avenue,2,Колобки,1179144,,3 золотая пластинка,57.5,6,5,9,6,4.5,6,21,,,
019f1291-ceb9-7143-b83c-8aaea4001783,2026-07-10T19:30:00,Баку,[про кино и сериалы] BAKU,1,прокиноисериалы1,Avenue,3,Ванси,1179150,,1 золотая пластинка,56.5,6,4.5,7,6,5,7,21,,,
019f1291-ceb9-7143-b83c-8aaea4001783,2026-07-10T19:30:00,Баку,[про кино и сериалы] BAKU,1,прокиноисериалы1,Avenue,4,Легенды Найт-сити,1179143,,Платиновая пластинка,56,6,5.5,9,6.5,5,7,17,,,
019f1291-ceb9-7143-b83c-8aaea4001783,2026-07-10T19:30:00,Баку,[про кино и сериалы] BAKU,1,прокиноисериалы1,Avenue,5,Лоразепам,1179152,,1 золотая пластинка,54,6,3,10,8,3,6,18,,,
019f1291-ceb9-7143-b83c-8aaea4001783,2026-07-10T19:30:00,Баку,[про кино и сериалы] BAKU,1,прокиноисериалы1,Avenue,6,Скрытый потанцевал,1179156,,3 виниловая пластинка,45.5,4,4,7,4.5,4,7,15,,,
019f1291-ceb9-7143-b83c-8aaea4001783,2026-07-10T19:30:00,Баку,[про кино и сериалы] BAKU,1,прокиноисериалы1,Avenue,7,La Мышь,1179168,,2 виниловая пластинка,45.5,4,4.5,9,6,4,4,14,,,
019f1291-ceb9-7143-b83c-8aaea4001783,2026-07-10T19:30:00,Баку,[про кино и сериалы] BAKU,1,прокиноисериалы1,Avenue,8,"Паша, не пей",1228018,,2 виниловая пластинка,43,2,2.5,6,4.5,4,7,17,,,
019f1291-ceb9-7143-b83c-8aaea4001783,2026-07-10T19:30:00,Баку,[про кино и сериалы] BAKU,1,прокиноисериалы1,Avenue,9,Adams Family,1179287,,Новички,41.5,5,3,4,5.5,4,4,16,,,
019f1291-ceb9-7143-b83c-8aaea4001783,2026-07-10T19:30:00,Баку,[про кино и сериалы] BAKU,1,прокиноисериалы1,Avenue,10,Полёт в никуда,1228020,,Новички,36.5,2,3.5,6,4.5,3.5,3,14,,,
019f1291-ceb9-7143-b83c-8aaea4001783,2026-07-10T19:30:00,Баку,[про кино и сериалы] BAKU,1,прокиноисериалы1,Avenue,11,Сельджан,1228019,,Новички,28,4,2.5,4,2.5,4,4,7,,,
019f1291-ceb9-7143-b83c-8aaea4001783,2026-07-10T19:30:00,Баку,[про кино и сериалы] BAKU,1,прокиноисериалы1,Avenue,12,Киноляпы,1228021,,Новички,14.5,2,1.5,0,3,1,1,6,,,
019f1291-cfa8-70fc-8be7-1e6234dad731,2026-07-17T19:30:00,Баку,[железные яйца] BAKU,2,железныеяйца2,Avenue,1,Крабовладельческий строй,1179381,unattainable,Недосягаемые,79,11,16,2,9,7,6,28,,,
019f1291-cfa8-70fc-8be7-1e6234dad731,2026-07-17T19:30:00,Баку,[железные яйца] BAKU,2,железныеяйца2,Avenue,2,Легенды Найт-сити,1179384,unattainable,Недосягаемые,62,13,12,7,3,8,2,17,,,
019f1291-cfa8-70fc-8be7-1e6234dad731,2026-07-17T19:30:00,Баку,[железные яйца] BAKU,2,железныеяйца2,Avenue,3,Колобки,1179383,unattainable,Недосягаемые,46,8,12,12,-6,6,4,10,,,
019f1291-cfa8-70fc-8be7-1e6234dad731,2026-07-17T19:30:00,Баку,[железные яйца] BAKU,2,железныеяйца2,Avenue,4,"паша, не пей",1224866,rambo,Рэмбо,30,8,8,5,-3,2,0,10,,,
019f1291-cfa8-70fc-8be7-1e6234dad731,2026-07-17T19:30:00,Баку,[железные яйца] BAKU,2,железныеяйца2,Avenue,5,Позже придумаем,1179434,lieutenant,Лейтенант,23,4,2,2,2,3,1,9,,,
019f1291-cfa8-70fc-8be7-1e6234dad731,2026-07-17T19:30:00,Баку,[железные яйца] BAKU,2,железныеяйца2,Avenue,6,Шерлок,1179386,chuck,Чак Норрис,22.5,5,1,3,1.5,1,5,6,,,
019f1291-cfa8-70fc-8be7-1e6234dad731,2026-07-17T19:30:00,Баку,[железные яйца] BAKU,2,железныеяйца2,Avenue,7,Сельджан,1179588,sergeant,Сержант,22,3,5,3,2,2,0,7,,,
019f1ddd-8ed1-729e-8a2a-56eab69f7f45,2026-07-21T19:30:00,Баку,[мемы и приколы] золотая коллекция BAKU,1,мемыиприколы1,Paulaner Braühaus,1,Легенды Найт-сити,1179384,unattainable,Недосягаемые,30,8,4,6,6,6,,,,,
019f1ddd-8ed1-729e-8a2a-56eab69f7f45,2026-07-21T19:30:00,Баку,[мемы и приколы] золотая коллекция BAKU,1,мемыиприколы1,Paulaner Braühaus,2,67,1260627,,Новички,30,8,5,6,5,6,,,,,
019f1ddd-8ed1-729e-8a2a-56eab69f7f45,2026-07-21T19:30:00,Баку,[мемы и приколы] золотая коллекция BAKU,1,мемыиприколы1,Paulaner Braühaus,3,Колобки,1179383,unattainable,Недосягаемые,29,8,6,6,5,4,,,,,
019f1ddd-8ed1-729e-8a2a-56eab69f7f45,2026-07-21T19:30:00,Баку,[мемы и приколы] золотая коллекция BAKU,1,мемыиприколы1,Paulaner Braühaus,4,Кандибобер,1179679,,Новички,28,8,4,5,6,5,,,,,
019f1ddd-8ed1-729e-8a2a-56eab69f7f45,2026-07-21T19:30:00,Баку,[мемы и приколы] золотая коллекция BAKU,1,мемыиприколы1,Paulaner Braühaus,5,Alt+F4,1260626,,Новички,25,8,4,5,5,3,,,,,
019f1ddd-8ed1-729e-8a2a-56eab69f7f45,2026-07-21T19:30:00,Баку,[мемы и приколы] золотая коллекция BAKU,1,мемыиприколы1,Paulaner Braühaus,6,Ванси,1179394,rambo,Рэмбо,25,8,6,4,5,2,,,,,
019f1ddd-8ed1-729e-8a2a-56eab69f7f45,2026-07-21T19:30:00,Баку,[мемы и приколы] золотая коллекция BAKU,1,мемыиприколы1,Paulaner Braühaus,7,Умер от Варенья,1260624,,Новички,22,8,2,4,4,4,,,,,
019f1ddd-8ed1-729e-8a2a-56eab69f7f45,2026-07-21T19:30:00,Баку,[мемы и приколы] золотая коллекция BAKU,1,мемыиприколы1,Paulaner Braühaus,8,Группа в ухо,1260623,,Новички,22,7,4,3,5,3,,,,,
019f1ddd-8ed1-729e-8a2a-56eab69f7f45,2026-07-21T19:30:00,Баку,[мемы и приколы] золотая коллекция BAKU,1,мемыиприколы1,Paulaner Braühaus,9,мы тут случайно,1260628,,Новички,18,5,1,2,5,5,,,,,
019f1ddd-8ed1-729e-8a2a-56eab69f7f45,2026-07-21T19:30:00,Баку,[мемы и приколы] золотая коллекция BAKU,1,мемыиприколы1,Paulaner Braühaus,10,Пивозавры,1260625,,Новички,16,5,5,2,2,2,,,,,
019f1291-d011-71a0-b68f-4f9987c59cf1,2026-07-24T19:30:00,Баку,"Квиз, плиз! BAKU",139,классика139,Avenue,1,Колобки,1179383,unattainable,Недосягаемые,57,7,6,6,6,6,6,20,,,
019f1291-d011-71a0-b68f-4f9987c59cf1,2026-07-24T19:30:00,Баку,"Квиз, плиз! BAKU",139,классика139,Avenue,2,Легенды Найт-сити,1179384,unattainable,Недосягаемые,55,8,7,5,7,6,4,18,,,
019f1291-d011-71a0-b68f-4f9987c59cf1,2026-07-24T19:30:00,Баку,"Квиз, плиз! BAKU",139,классика139,Avenue,3,"паша, не пей",1224866,rambo,Рэмбо,48.5,8,6,5,6.5,6,2,15,,,
019f1291-d011-71a0-b68f-4f9987c59cf1,2026-07-24T19:30:00,Баку,"Квиз, плиз! BAKU",139,классика139,Avenue,4,Ванси,1179394,rambo,Рэмбо,43.5,7,5,6,5.5,2,0,18,,,
019f1291-d011-71a0-b68f-4f9987c59cf1,2026-07-24T19:30:00,Баку,"Квиз, плиз! BAKU",139,классика139,Avenue,5,Шерлок,1179386,chuck,Чак Норрис,42.5,6,7,2,3.5,5,4,15,,,
019f1291-d011-71a0-b68f-4f9987c59cf1,2026-07-24T19:30:00,Баку,"Квиз, плиз! BAKU",139,классика139,Avenue,6,Хоккупанты,1261287,,Новички,28.5,7,4,4,2.5,2,0,9,,,
019f1291-d079-706b-a62b-75296ae68aad,2026-07-28T19:30:00,Баку,[угадываем исполнителей] 2000-е BAKU,1,угадываем2000,Paulaner Braühaus,1,Колобки,1179144,,3 золотая пластинка,50,10,9,10,10,11,,,,,
019f1291-d079-706b-a62b-75296ae68aad,2026-07-28T19:30:00,Баку,[угадываем исполнителей] 2000-е BAKU,1,угадываем2000,Paulaner Braühaus,2,НеВалдис Пельш,1179145,,3 золотая пластинка,49,9,8,10,10,12,,,,,
019f1291-d079-706b-a62b-75296ae68aad,2026-07-28T19:30:00,Баку,[угадываем исполнителей] 2000-е BAKU,1,угадываем2000,Paulaner Braühaus,3,Ванси,1179150,,2 золотая пластинка.,49,10,9,10,8,12,,,,,
019f1291-d079-706b-a62b-75296ae68aad,2026-07-28T19:30:00,Баку,[угадываем исполнителей] 2000-е BAKU,1,угадываем2000,Paulaner Braühaus,4,Легенды Найт-сити,1179143,,Платиновая пластинка,49,10,8,10,10,11,,,,,
019f1291-d079-706b-a62b-75296ae68aad,2026-07-28T19:30:00,Баку,[угадываем исполнителей] 2000-е BAKU,1,угадываем2000,Paulaner Braühaus,5,Слон В.,1179149,,2 золотая пластинка.,48,9,8,10,10,11,,,,,
019f1291-d079-706b-a62b-75296ae68aad,2026-07-28T19:30:00,Баку,[угадываем исполнителей] 2000-е BAKU,1,угадываем2000,Paulaner Braühaus,6,Team Rocket,1179146,,3 золотая пластинка,48,9,9,10,9,11,,,,,
019f1291-d079-706b-a62b-75296ae68aad,2026-07-28T19:30:00,Баку,[угадываем исполнителей] 2000-е BAKU,1,угадываем2000,Paulaner Braühaus,7,Kubachino,1179153,,1 золотая пластинка,48,10,8,10,10,10,,,,,
019f1291-d079-706b-a62b-75296ae68aad,2026-07-28T19:30:00,Баку,[угадываем исполнителей] 2000-е BAKU,1,угадываем2000,Paulaner Braühaus,8,Неглокая Куздра,1263434,,Новички,47,7,8,10,10,12,,,,,
019f1291-d079-706b-a62b-75296ae68aad,2026-07-28T19:30:00,Баку,[угадываем исполнителей] 2000-е BAKU,1,угадываем2000,Paulaner Braühaus,9,Скрытый потанцевал,1179156,,3 виниловая пластинка,47,9,7,10,10,11,,,,,
019f1291-d079-706b-a62b-75296ae68aad,2026-07-28T19:30:00,Баку,[угадываем исполнителей] 2000-е BAKU,1,угадываем2000,Paulaner Braühaus,10,Meta-Ersa,1263435,,Новички,42,7,8,9,8,10,,,,,
019f1291-d079-706b-a62b-75296ae68aad,2026-07-28T19:30:00,Баку,[угадываем исполнителей] 2000-е BAKU,1,угадываем2000,Paulaner Braühaus,11,ТРИллер,1179179,,1 виниловая пластинка,41,8,6,9,8,10,,,,,
019f4cf2-365d-73d0-ac40-fa8c0414cd9c,2026-07-31T19:30:00,Баку,"[с др, Гарри Поттер!] BAKU",1,сдгарри2,Avenue,1,Ванси,1179394,rambo,Рэмбо,27,6,6,4,5,6,,,,,
019f4cf2-365d-73d0-ac40-fa8c0414cd9c,2026-07-31T19:30:00,Баку,"[с др, Гарри Поттер!] BAKU",1,сдгарри2,Avenue,2,Как приручить Драко,1179410,general,Генерал,26,6,5,5,5,5,,,,,
019f4cf2-365d-73d0-ac40-fa8c0414cd9c,2026-07-31T19:30:00,Баку,"[с др, Гарри Поттер!] BAKU",1,сдгарри2,Avenue,3,Колобки,1179383,unattainable,Недосягаемые,26,6,6,5,4,5,,,,,
019f4cf2-365d-73d0-ac40-fa8c0414cd9c,2026-07-31T19:30:00,Баку,"[с др, Гарри Поттер!] BAKU",1,сдгарри2,Avenue,4,Узники Алкобара,1179416,lieutenant,Лейтенант,25,6,5,4,5,5,,,,,
019f4cf2-365d-73d0-ac40-fa8c0414cd9c,2026-07-31T19:30:00,Баку,"[с др, Гарри Поттер!] BAKU",1,сдгарри2,Avenue,5,"Маглы, но стараемся",1264445,,,24,5,5,4,4,6,,,,,
019f4cf2-365d-73d0-ac40-fa8c0414cd9c,2026-07-31T19:30:00,Баку,"[с др, Гарри Поттер!] BAKU",1,сдгарри2,Avenue,6,The Smartinies,1264444,,,20,5,4,4,4,3,,,,,
019f4cf2-365d-73d0-ac40-fa8c0414cd9c,2026-07-31T19:30:00,Баку,"[с др, Гарри Поттер!] BAKU",1,сдгарри2,Avenue,7,"Добби свободен, а мы на квизе",1264447,,,14,1,1,5,5,2,,,,,
019f4cf2-365d-73d0-ac40-fa8c0414cd9c,2026-07-31T19:30:00,Баку,"[с др, Гарри Поттер!] BAKU",1,сдгарри2,Avenue,8,Gossip Girls,1264446,,,9,2,0,3,1,3,,,,,
019f4cf2-365d-73d0-ac40-fa8c0414cd9c,2026-07-31T19:30:00,Баку,"[с др, Гарри Поттер!] BAKU",1,сдгарри2,Avenue,9,Орден Пьяного Феникса,1264448,,,0,0,0,0,0,0,,,,,
019fa993-b347-73bb-adfa-e6b2954e00ec,2026-08-04T19:30:00,Баку,[Marvel vs DC] BAKU,1,marveldc1,Avenue,1,Noldor,1179382,unattainable,Недосягаемые,49.5,8.5,8,9,7,7,10,,,,
019fa993-b347-73bb-adfa-e6b2954e00ec,2026-08-04T19:30:00,Баку,[Marvel vs DC] BAKU,1,marveldc1,Avenue,2,Легенды Найт-сити,1179384,unattainable,Недосягаемые,48,8.5,5,9,7,7.5,11,,,,
019fa993-b347-73bb-adfa-e6b2954e00ec,2026-08-04T19:30:00,Баку,[Marvel vs DC] BAKU,1,marveldc1,Avenue,3,Колобки,1179383,unattainable,Недосягаемые,45,6.5,4,11,4,7.5,12,,,,
019fa993-b347-73bb-adfa-e6b2954e00ec,2026-08-04T19:30:00,Баку,[Marvel vs DC] BAKU,1,marveldc1,Avenue,4,Бусидо,1179451,sergeant,Сержант,41,10.5,2,8,3,7.5,10,,,,
019fa993-b347-73bb-adfa-e6b2954e00ec,2026-08-04T19:30:00,Баку,[Marvel vs DC] BAKU,1,marveldc1,Avenue,5,Ванси,1179394,rambo,Рэмбо,39,5,6,7,1,6,14,,,,
019fa993-b347-73bb-adfa-e6b2954e00ec,2026-08-04T19:30:00,Баку,[Marvel vs DC] BAKU,1,marveldc1,Avenue,6,Лоразепам,1179414,lieutenant,Лейтенант,38.5,3.5,8,10,4,4,9,,,,
019fa993-b347-73bb-adfa-e6b2954e00ec,2026-08-04T19:30:00,Баку,[Marvel vs DC] BAKU,1,marveldc1,Avenue,7,"Fine, I'll do it myself",1267827,,Новички,23,2.5,2,3,2,2.5,11,,,,
019fa990-6fcd-715d-9500-fd018c250b00,2026-08-07T19:30:00,Баку,"Квиз, плиз! BAKU",140,классика140,Avenue,1,Легенды Найт-сити,1179384,unattainable,Недосягаемые,34.5,7,8,6,7.5,6,,,,,
019fa990-6fcd-715d-9500-fd018c250b00,2026-08-07T19:30:00,Баку,"Квиз, плиз! BAKU",140,классика140,Avenue,2,Крабовладельческий строй,1179381,unattainable,Недосягаемые,31,7,7,4,8,5,,,,,
019fa990-6fcd-715d-9500-fd018c250b00,2026-08-07T19:30:00,Баку,"Квиз, плиз! BAKU",140,классика140,Avenue,3,Шерлок,1179386,chuck,Чак Норрис,29,7,7,5,5,5,,,,,
019fa990-6fcd-715d-9500-fd018c250b00,2026-08-07T19:30:00,Баку,"Квиз, плиз! BAKU",140,классика140,Avenue,4,Колобки,1179383,unattainable,Недосягаемые,28.5,5,7,6,5.5,5,,,,,
019fa990-6fcd-715d-9500-fd018c250b00,2026-08-07T19:30:00,Баку,"Квиз, плиз! BAKU",140,классика140,Avenue,5,"паша, не пей",1224866,rambo,Рэмбо,27.5,5,8,3,6.5,5,,,,,
019fa990-6fcd-715d-9500-fd018c250b00,2026-08-07T19:30:00,Баку,"Квиз, плиз! BAKU",140,классика140,Avenue,6,Без шансов,1179402,general,Генерал,27.5,7,6,6,5.5,3,,,,,
019fa990-6fcd-715d-9500-fd018c250b00,2026-08-07T19:30:00,Баку,"Квиз, плиз! BAKU",140,классика140,Avenue,7,Муми-тролли,1278778,,Новички,24,4,5,5,5,5,,,,,
019fa990-6fcd-715d-9500-fd018c250b00,2026-08-07T19:30:00,Баку,"Квиз, плиз! BAKU",140,классика140,Avenue,8,Сочные дальневосточные,1179437,sergeant,Сержант,23.5,7,4,5,5.5,2,,,,,
019fa990-6fcd-715d-9500-fd018c250b00,2026-08-07T19:30:00,Баку,"Квиз, плиз! BAKU",140,классика140,Avenue,9,Белочки,1179418,lieutenant,Лейтенант,21.5,5,5,6,2.5,3,,,,,
019fa990-6fcd-715d-9500-fd018c250b00,2026-08-07T19:30:00,Баку,"Квиз, плиз! BAKU",140,классика140,Avenue,10,Синдром отличницы,1278779,,Новички,21,4,5,4,4,4,,,,,
019fa9a1-8701-70e6-a9f4-8f069022553a,2026-08-11T19:30:00,Баку,[рок vs попса] BAKU,3,рокvsпопса,Paulaner Braühaus,1,Легенды Найт-сити,1179143,,Платиновая пластинка,63.5,7,8,10,6,20,7.5,5,,,
019fa9a1-8701-70e6-a9f4-8f069022553a,2026-08-11T19:30:00,Баку,[рок vs попса] BAKU,3,рокvsпопса,Paulaner Braühaus,2,Колобки,1179144,,3 золотая пластинка,52,8,7,8,6,15,5,3,,,
019fa9a1-8701-70e6-a9f4-8f069022553a,2026-08-11T19:30:00,Баку,[рок vs попса] BAKU,3,рокvsпопса,Paulaner Braühaus,3,Team Rocket,1179146,,3 золотая пластинка,51.5,5,8,9,6,11,6.5,6,,,
019fa9a1-8701-70e6-a9f4-8f069022553a,2026-08-11T19:30:00,Баку,[рок vs попса] BAKU,3,рокvsпопса,Paulaner Braühaus,4,Ванси,1179150,,2 золотая пластинка.,48.5,7,7,8,5,13,4.5,4,,,
019fa9a1-8701-70e6-a9f4-8f069022553a,2026-08-11T19:30:00,Баку,[рок vs попса] BAKU,3,рокvsпопса,Paulaner Braühaus,5,НеВалдис Пельш,1179145,,3 золотая пластинка,44,5,5,8,6,13,5,2,,,
019fa9a1-8701-70e6-a9f4-8f069022553a,2026-08-11T19:30:00,Баку,[рок vs попса] BAKU,3,рокvsпопса,Paulaner Braühaus,6,Слон В.,1179149,,3 золотая пластинка,43.5,5,4,6,4,16,4.5,4,,,
019fa9a1-8701-70e6-a9f4-8f069022553a,2026-08-11T19:30:00,Баку,[рок vs попса] BAKU,3,рокvsпопса,Paulaner Braühaus,7,"Паша, не пей",1228018,,2 виниловая пластинка,23,4,2,4,4,5,3,1,,,
019fa9a1-8701-70e6-a9f4-8f069022553a,2026-08-11T19:30:00,Баку,[рок vs попса] BAKU,3,рокvsпопса,Paulaner Braühaus,8,Ангелы Чарли,1280816,,Новички,17,3,3,3,2,4,1,1,,,
019fa9a9-809c-70cc-a6a8-7987692601bb,2026-08-14T19:30:00,Баку,[топовые фильмы и сериалы] BAKU,2,топовыефильмысериалы2,Avenue,1,Noldor,1179147,,3 золотая пластинка,35,5,5,4,5.5,7,8.5,,,,
019fa9a9-809c-70cc-a6a8-7987692601bb,2026-08-14T19:30:00,Баку,[топовые фильмы и сериалы] BAKU,2,топовыефильмысериалы2,Avenue,2,Лоразепам,1179152,,1 золотая пластинка,31.5,5,5,3,4,6,8.5,,,,
019fa9a9-809c-70cc-a6a8-7987692601bb,2026-08-14T19:30:00,Баку,[топовые фильмы и сериалы] BAKU,2,топовыефильмысериалы2,Avenue,3,Легенды Найт-сити,1179143,,Платиновая пластинка,31,5,4,4,5,7,6,,,,
019fa9a9-809c-70cc-a6a8-7987692601bb,2026-08-14T19:30:00,Баку,[топовые фильмы и сериалы] BAKU,2,топовыефильмысериалы2,Avenue,4,Колобки,1179144,,3 золотая пластинка,27.5,3,3.5,2,6.5,5,7.5,,,,
019fa9a9-809c-70cc-a6a8-7987692601bb,2026-08-14T19:30:00,Баку,[топовые фильмы и сериалы] BAKU,2,топовыефильмысериалы2,Avenue,5,"Паша, не пей",1228018,,2 виниловая пластинка,22.5,4,3,3,3.5,6,3,,,,
019fa9a9-809c-70cc-a6a8-7987692601bb,2026-08-14T19:30:00,Баку,[топовые фильмы и сериалы] BAKU,2,топовыефильмысериалы2,Avenue,6,Alt+F4,1229574,,1 виниловая пластинка,21.5,1,2.5,3,3.5,3,8.5,,,,
019fa9a9-809c-70cc-a6a8-7987692601bb,2026-08-14T19:30:00,Баку,[топовые фильмы и сериалы] BAKU,2,топовыефильмысериалы2,Avenue,7,Сочные дальневосточные,1179312,,,15.5,2,2.5,3,4.5,3,0.5,,,,
019fa9a9-809c-70cc-a6a8-7987692601bb,2026-08-14T19:30:00,Баку,[топовые фильмы и сериалы] BAKU,2,топовыефильмысериалы2,Avenue,8,Киношные дивы,1283200,,,11.5,1,1.5,2,1.5,2,3.5,,,,
019fa9a3-503d-72ec-989d-97ab7f3198a5,2026-08-18T19:30:00,Баку,[треш и угар] 18+ BAKU,1,трешиугар1,Paulaner Braühaus,1,Легенды Найт-сити,1179384,unattainable,Недосягаемые,40.5,6,6,6,6,10,6.5,,,,
019fa9a3-503d-72ec-989d-97ab7f3198a5,2026-08-18T19:30:00,Баку,[треш и угар] 18+ BAKU,1,трешиугар1,Paulaner Braühaus,2,Колобки,1179383,unattainable,Недосягаемые,36.5,5,4,6,5,10,6.5,,,,
019fa9a3-503d-72ec-989d-97ab7f3198a5,2026-08-18T19:30:00,Баку,[треш и угар] 18+ BAKU,1,трешиугар1,Paulaner Braühaus,3,Ванси,1179394,chuck,Чак Норрис,34.5,5,6,5,6,7,5.5,,,,
019fa9a3-503d-72ec-989d-97ab7f3198a5,2026-08-18T19:30:00,Баку,[треш и угар] 18+ BAKU,1,трешиугар1,Paulaner Braühaus,4,Белочки,1179418,lieutenant,Лейтенант,28,6,4,4,5,5,4,,,,
019fa9a3-503d-72ec-989d-97ab7f3198a5,2026-08-18T19:30:00,Баку,[треш и угар] 18+ BAKU,1,трешиугар1,Paulaner Braühaus,5,Бусидо,1179451,sergeant,Сержант,28,6,4,6,3,6,3,,,,
019fa9a3-503d-72ec-989d-97ab7f3198a5,2026-08-18T19:30:00,Баку,[треш и угар] 18+ BAKU,1,трешиугар1,Paulaner Braühaus,6,"Риадик, иди кушать",1286111,,Новички,26.5,6,2,5,4,5,4.5,,,,
019fa9a3-503d-72ec-989d-97ab7f3198a5,2026-08-18T19:30:00,Баку,[треш и угар] 18+ BAKU,1,трешиугар1,Paulaner Braühaus,7,Группа в ухо,1260623,,Новички,19.5,6,2,3,4,2,2.5,,,,
019fa9a7-0b57-726d-aee8-9e411b17ff94,2026-08-25T19:30:00,Баку,[music party] 100 хитов BAKU,1,100хитов1,Paulaner Braühaus,1,Легенды Найт-сити,1179143,,Платиновая пластинка,111,10,10,10,15,9,10,10,8,10,19
019fa9a7-0b57-726d-aee8-9e411b17ff94,2026-08-25T19:30:00,Баку,[music party] 100 хитов BAKU,1,100хитов1,Paulaner Braühaus,2,Колобки,1179144,,3 золотая пластинка,103.5,10,9,10,13,8,10,12,9,9.5,13
019fa9a7-0b57-726d-aee8-9e411b17ff94,2026-08-25T19:30:00,Баку,[music party] 100 хитов BAKU,1,100хитов1,Paulaner Braühaus,3,Слон В.,1179149,,3 золотая пластинка,101,9,10,9,12,7.5,9,12,9,9.5,14
019fa9a7-0b57-726d-aee8-9e411b17ff94,2026-08-25T19:30:00,Баку,[music party] 100 хитов BAKU,1,100хитов1,Paulaner Braühaus,4,НеВалдис Пельш,1179145,,3 золотая пластинка,100,9,9,8,12,9,10,12,9,10,12
019fa9a7-0b57-726d-aee8-9e411b17ff94,2026-08-25T19:30:00,Баку,[music party] 100 хитов BAKU,1,100хитов1,Paulaner Braühaus,5,Ванси,1179150,,2 золотая пластинка.,89.5,10,10,9,10,8,9,10,7,9.5,7
019fa9a7-0b57-726d-aee8-9e411b17ff94,2026-08-25T19:30:00,Баку,[music party] 100 хитов BAKU,1,100хитов1,Paulaner Braühaus,6,ТРИллер,1179179,,1 виниловая пластинка,74.5,7,6,5,10,6.5,10,12,5,7,6
019fa9a7-0b57-726d-aee8-9e411b17ff94,2026-08-25T19:30:00,Баку,[music party] 100 хитов BAKU,1,100хитов1,Paulaner Braühaus,7,Чувасики,1294907,,Новички,70,6,7,6,9,7,7,8,3,7,10
019fa9a7-0b57-726d-aee8-9e411b17ff94,2026-08-25T19:30:00,Баку,[music party] 100 хитов BAKU,1,100хитов1,Paulaner Braühaus,8,Белочки,1179175,,1 виниловая пластинка,46.5,7,4,4,8,3,5,5,2,4.5,4
019fa9ae-38e9-71ee-8349-55c8e9abc868,2026-08-28T19:30:00,Баку,"Квиз, плиз! [секретная тема] BAKU",2,секретнаятема2,Avenue,1,Byte Brawlers,1179385,unattainable,Недосягаемые,46,5,6,3,6,5,6,15,,,
019fa9ae-38e9-71ee-8349-55c8e9abc868,2026-08-28T19:30:00,Баку,"Квиз, плиз! [секретная тема] BAKU",2,секретнаятема2,Avenue,2,Скрытый потанцевал,1179407,general,Генерал,45,5,4,4,6,6,6,14,,,
019fa9ae-38e9-71ee-8349-55c8e9abc868,2026-08-28T19:30:00,Баку,"Квиз, плиз! [секретная тема] BAKU",2,секретнаятема2,Avenue,3,Легенды Найт-сити,1179384,unattainable,Недосягаемые,42,5,6,4,6,6,6,9,,,
019fa9ae-38e9-71ee-8349-55c8e9abc868,2026-08-28T19:30:00,Баку,"Квиз, плиз! [секретная тема] BAKU",2,секретнаятема2,Avenue,4,Колобки,1179383,unattainable,Недосягаемые,41,5,5,4,6,6,5,10,,,
019fa9ae-38e9-71ee-8349-55c8e9abc868,2026-08-28T19:30:00,Баку,"Квиз, плиз! [секретная тема] BAKU",2,секретнаятема2,Avenue,5,Сочные дальневосточные,1179437,lieutenant,Лейтенант,35,6,5,1,3,6,4,10,,,
019fa9ae-38e9-71ee-8349-55c8e9abc868,2026-08-28T19:30:00,Баку,"Квиз, плиз! [секретная тема] BAKU",2,секретнаятема2,Avenue,6,"паша, не пей",1224866,rambo,Рэмбо,34,6,3,3,5,5,5,7,,,
01a04287-57c0-70c9-a6db-e2a8f574355e,2026-09-01T19:30:00,Баку,[видеоигры] BAKU,3,видеоигры3,Paulaner Braühaus,1,Noldor,1179382,unattainable,Недосягаемые,52,5,5,6.5,5,5,7.5,18,,,
01a04287-57c0-70c9-a6db-e2a8f574355e,2026-09-01T19:30:00,Баку,[видеоигры] BAKU,3,видеоигры3,Paulaner Braühaus,2,Легенды Найт-сити,1179384,unattainable,Недосягаемые,51.5,4,5,6.5,5,5.5,5.5,20,,,
01a04287-57c0-70c9-a6db-e2a8f574355e,2026-09-01T19:30:00,Баку,[видеоигры] BAKU,3,видеоигры3,Paulaner Braühaus,3,Team Rocket,1179391,chuck,Чак Норрис,48.5,3,5,5.5,4,6.5,8.5,16,,,
01a04287-57c0-70c9-a6db-e2a8f574355e,2026-09-01T19:30:00,Баку,[видеоигры] BAKU,3,видеоигры3,Paulaner Braühaus,4,Колобки,1179383,unattainable,Недосягаемые,42.5,3,5,6.5,5,5.5,8.5,9,,,
01a04287-57c0-70c9-a6db-e2a8f574355e,2026-09-01T19:30:00,Баку,[видеоигры] BAKU,3,видеоигры3,Paulaner Braühaus,5,Low Poly,1179463,sergeant,Сержант,41,4,4,5.5,5,5.5,6,11,,,
01a04287-57c0-70c9-a6db-e2a8f574355e,2026-09-01T19:30:00,Баку,[видеоигры] BAKU,3,видеоигры3,Paulaner Braühaus,6,Майнкрафт ЭТО МОЯ ЖИЗНЬ,1305053,,Новички,35.5,5,3,4,3,4,5.5,11,,,
01a04287-57c0-70c9-a6db-e2a8f574355e,2026-09-01T19:30:00,Баку,[видеоигры] BAKU,3,видеоигры3,Paulaner Braühaus,7,Ванси,1179394,chuck,Чак Норрис,34,3,4,4.5,1,3.5,4,14,,,
01a04287-57c0-70c9-a6db-e2a8f574355e,2026-09-01T19:30:00,Баку,[видеоигры] BAKU,3,видеоигры3,Paulaner Braühaus,8,Бусидо,1179451,lieutenant,Лейтенант,31,3,5,4,3,4.5,4.5,7,,,
01a04543-5209-738e-afad-d5b732f48e75,2026-09-04T19:30:00,Баку,"Квиз, плиз! BAKU",141,классика141,Avenue,1,Легенды Найт-сити,1179384,unattainable,Недосягаемые,63,8,8,4,7,6,6,24,,,
01a04543-5209-738e-afad-d5b732f48e75,2026-09-04T19:30:00,Баку,"Квиз, плиз! BAKU",141,классика141,Avenue,2,Колобки,1179383,unattainable,Недосягаемые,62.5,7,8,5,8.5,6,4,24,,,
01a04543-5209-738e-afad-d5b732f48e75,2026-09-04T19:30:00,Баку,"Квиз, плиз! BAKU",141,классика141,Avenue,3,Byte Brawlers,1179385,unattainable,Недосягаемые,59,8,8,5,8,6,4,20,,,
01a04543-5209-738e-afad-d5b732f48e75,2026-09-04T19:30:00,Баку,"Квиз, плиз! BAKU",141,классика141,Avenue,4,Шерлок,1179386,chuck,Чак Норрис,58.5,8,8,4,8.5,6,4,20,,,
01a04543-5209-738e-afad-d5b732f48e75,2026-09-04T19:30:00,Баку,"Квиз, плиз! BAKU",141,классика141,Avenue,5,"паша, не пей",1224866,rambo,Рэмбо,53.5,8,8,4,4.5,6,2,21,,,
01a04543-5209-738e-afad-d5b732f48e75,2026-09-04T19:30:00,Баку,"Квиз, плиз! BAKU",141,классика141,Avenue,6,Ванси,1179394,chuck,Чак Норрис,49.5,6,6,2,7.5,6,4,18,,,
01a04543-5209-738e-afad-d5b732f48e75,2026-09-04T19:30:00,Баку,"Квиз, плиз! BAKU",141,классика141,Avenue,7,Сочные дальневосточные,1179437,lieutenant,Лейтенант,38.5,7,4,4,3.5,4,0,16,,,
