team_id,team,league_id,league,league_code,position,points,games,rank_title
1179383,Колобки,1,Классический,classic,1,8395,196,Недосягаемые
1179381,Крабовладельческий строй,1,Классический,classic,2,8376.5,160,Недосягаемые
1179384,Легенды Найт-сити,1,Классический,classic,3,8193,164,Недосягаемые
1179382,Noldor,1,Классический,classic,4,7969.5,160,Недосягаемые
1179385,Byte Brawlers,1,Классический,classic,5,6346.5,147,Недосягаемые
1179386,Шерлок,1,Классический,classic,6,5859,147,Чак Норрис
1179387,"Да, Посол ты!",1,Классический,classic,7,4375.5,115,Чак Норрис
1179388,"Фуад, возле дома твоего",1,Классический,classic,8,4342,101,Чак Норрис
1179389,Слон В.,1,Классический,classic,9,3486.5,74,Чак Норрис
1179390,Bosco di Badam,1,Классический,classic,10,3070,72,Чак Норрис
1179391,Team Rocket,1,Классический,classic,11,2708.5,62,Чак Норрис
1179392,Культур-мультур,1,Классический,classic,12,2550.5,59,Чак Норрис
1179394,Ванси,1,Классический,classic,13,2108,52,Чак Норрис
1179393,ToBeContinued,1,Классический,classic,14,1771.5,58,Рэмбо
1179395,Littlestitious,1,Классический,classic,15,1546.5,44,Рэмбо
1179396,Два балла за раунд,1,Классический,classic,16,1512,37,Рэмбо
1179397,Полный Пи,1,Классический,classic,17,1511,49,Рэмбо
1224866,"паша, не пей",1,Классический,classic,18,1356,30,Рэмбо
1179398,Незнакомцы,1,Классический,classic,19,1279,31,Рэмбо
1179400,Все Свои,1,Классический,classic,20,1053.5,32,Рэмбо
1179401,Где Ёж?,1,Классический,classic,21,972,23,Генерал
1179402,Без шансов,1,Классический,classic,22,895,29,Генерал
1179403,Сказки Дедушки Приуса,1,Классический,classic,23,856.5,23,Генерал
1179404,ЗОЖкин Кот,1,Классический,classic,24,807.5,18,Генерал
1179405,Король и Шут и мы,1,Классический,classic,25,800,21,Генерал
1179407,Скрытый потанцевал,1,Классический,classic,26,766,17,Генерал
1179406,La Мышь,1,Классический,classic,27,729,17,Генерал
1179410,Как приручить Драко,1,Классический,classic,28,603,13,Генерал
1179408,GeekBrains,1,Классический,classic,29,590,23,Генерал
1179409,Ширин чай,1,Классический,classic,30,574.5,19,Генерал
1179414,Лоразепам,1,Классический,classic,31,554,12,Генерал
1179411,KiSS,1,Классический,classic,32,533,13,Генерал
1179412,Агата Крести,1,Классический,classic,33,532,21,Генерал
1179418,Белочки,1,Классический,classic,34,502.5,16,Генерал
1179413,Mai Tai,1,Классический,classic,35,492,21,Лейтенант
1179416,Узники Алкобара,1,Классический,classic,36,485,11,Лейтенант
1260626,Alt+F4,1,Классический,classic,37,468,13,Лейтенант
1179415,Философские дамы,1,Классический,classic,38,460,11,Лейтенант
1179417,Гейши,1,Классический,classic,39,421,16,Лейтенант
1179419,Blue water,1,Классический,classic,40,400,15,Лейтенант
1179421,Kubachino,1,Классический,classic,41,394.5,14,Лейтенант
1179420,Они убили Кенни,1,Классический,classic,42,357,12,Лейтенант
1179422,KukuBaku,1,Классический,classic,43,355,11,Лейтенант
1179423,Вот эти ребята,1,Классический,classic,44,342.5,13,Лейтенант
1179434,Позже придумаем,1,Классический,classic,45,331.5,9,Лейтенант
1179437,Сочные дальневосточные,1,Классический,classic,46,321.5,11,Лейтенант
1179424,Остатки сладки,1,Классический,classic,47,311,10,Лейтенант
1179426,Штрих-коты,1,Классический,classic,48,294,10,Лейтенант
1179451,Бусидо,1,Классический,classic,49,287,8,Лейтенант
1179427,Dream Team,1,Классический,classic,50,284.5,9,Лейтенант
1179428,Молодые Перспективные,1,Классический,classic,51,284,11,Лейтенант
1179429,Monopolisti,1,Классический,classic,52,276.5,10,Лейтенант
1179430,Ты горишь как ягода малинка,1,Классический,classic,53,260,6,Лейтенант
1179431,Нымыхи ТиАВ,1,Классический,classic,54,249,10,Сержант
1179452,Adams Family,1,Классический,classic,55,248.5,5,Сержант
1179432,"Догоняй, кетчуп!",1,Классический,classic,56,245.5,8,Сержант
1179433,Ведуньи,1,Классический,classic,57,236,6,Сержант
1179435,Xirdalan FC,1,Классический,classic,58,226,9,Сержант
1179436,Кот Везде$сущий,1,Классический,classic,59,224,8,Сержант
1179438,The Mamas and the Papas,1,Классический,classic,60,212,8,Сержант
1179439,Надо подумать,1,Классический,classic,61,211,6,Сержант
1179440,Аутисты на аутсорсе,1,Классический,classic,62,207.5,5,Сержант
1179441,Обстановка по кайфу,1,Классический,classic,63,202,5,Сержант
1179442,Эклер и ребята,1,Классический,classic,64,201,6,Сержант
1179443,Skillbox,1,Классический,classic,65,193,7,Сержант
1179444,Дамблдурочки,1,Классический,classic,66,186,5,Сержант
1179445,Примерные сестры,1,Классический,classic,67,184.5,6,Сержант
1179446,Драко с Милфой,1,Классический,classic,68,178,4,Сержант
1179447,Снеггопад,1,Классический,classic,69,174.5,4,Сержант
1179448,Sky Crew,1,Классический,classic,70,170.5,4,Сержант
1179449,iikOshniki,1,Классический,classic,71,163,6,Сержант
1179450,Не придумали,1,Классический,classic,72,155,5,Сержант
1179588,Сельджан,1,Классический,classic,73,146.5,4,Сержант
1179453,Коллеги по цеху,1,Классический,classic,74,145,6,Сержант
1179455,Кавабанга,1,Классический,classic,75,142.5,5,Сержант
1179454,У нас было название,1,Классический,classic,76,142.5,6,Сержант
1179456,Ветер перемен,1,Классический,classic,77,123,4,Сержант
1179457,Занесенные ветром,1,Классический,classic,78,122.5,5,Сержант
1179458,мы к вам заехали на час,1,Классический,classic,79,117,2,Сержант
1179459,А мы так и думали,1,Классический,classic,80,116,4,Сержант
1179460,Закон Мёрфи,1,Классический,classic,81,113,3,Сержант
1286111,"Риадик, иди кушать",1,Классический,classic,82,113,3,Сержант
1179461,Такая хурма,1,Классический,classic,83,109,4,Сержант
1179462,Пирожки с Мариной,1,Классический,classic,84,107,3,Сержант
1179463,Low Poly,1,Классический,classic,85,106,3,Сержант
1179464,Дети маминой подруги,1,Классический,classic,86,106,3,Сержант
1179465,Камон Эврибади,1,Классический,classic,87,104.5,3,Сержант
1228159,Pickinass,1,Классический,classic,88,103,2,Сержант
1179466,Маринованные бобры,1,Классический,classic,89,98,3,
1179467,Кот Бегемот,1,Классический,classic,90,94,4,
1179468,Отряд Дамблдора,1,Классический,classic,91,93,4,
1179469,Кубусь Пухатек,1,Классический,classic,92,92.5,2,
1179470,НеВалдис Пельш,1,Классический,classic,93,92,2,
1179471,Назад в будущее,1,Классический,classic,94,91,2,
1179472,Team Раки,1,Классический,classic,95,89.5,2,
1179473,Так и было задумано,1,Классический,classic,96,89,4,
1179474,BALAGAN,1,Классический,classic,97,87,3,
1179475,Teatr o2,1,Классический,classic,98,85,3,
1179477,Кусь!,1,Классический,classic,99,84,4,
1179476,Подлизерин,1,Классический,classic,100,84,3,
1179478,Докторская колбасня,1,Классический,classic,101,83,3,
1179479,Каштан,1,Классический,classic,102,83,3,
1179480,Бегущие с корабля,1,Классический,classic,103,79.5,3,
1179481,Мимо проходили,1,Классический,classic,104,79,2,
1179482,QuizMates,1,Классический,classic,105,78.5,2,
1179483,Мансарда 13,1,Классический,classic,106,77,2,
1179485,Vicious,1,Классический,classic,107,76,2,
1179484,Степашка и Ко.,1,Классический,classic,108,76,3,
1179486,XOD VER,1,Классический,classic,109,75.5,2,
1179487,Мокрые бандиты,1,Классический,classic,110,75,2,
1179488,Амур,1,Классический,classic,111,74.5,2,
1179489,telepuziki,1,Классический,classic,112,74,3,
1179490,Прыжок с подвыподвертом,1,Классический,classic,113,74,4,
1179491,Intel,1,Классический,classic,114,73,2,
1179492,New Zeon,1,Классический,classic,115,71,2,
1179495,Places&Faces,1,Классический,classic,116,71,2,
1179494,Стабильная сингулярность,1,Классический,classic,117,71,3,
1179493,Трое в лодке не считая Васьки,1,Классический,classic,118,71,3,
1179496,Гарри Поттер и бал монголов,1,Классический,classic,119,70,2,
1179497,Дарвин был против,1,Классический,classic,120,69.5,2,
1179498,"Пох##, пляшем",1,Классический,classic,121,69,2,
1179499,КОТОПЁС,1,Классический,classic,122,67.5,4,
1179501,10 способов бросить бегать,1,Классический,classic,123,67,2,
1179500,Кайфожорики,1,Классический,classic,124,67,2,
1179502,ZOOMers,1,Классический,classic,125,66,3,
1179503,Непорочное Объятие,1,Классический,classic,126,65,5,
1179506,Losers,1,Классический,classic,127,63,3,
1179505,Казахи в Баку,1,Классический,classic,128,63,2,
1179504,Последние из англикан,1,Классический,classic,129,63,2,
1179507,Девчата,1,Классический,classic,130,62.5,1,
1179508,Nessie,1,Классический,classic,131,59,2,
1179509,Тёрк Барет. С двумя Р,1,Классический,classic,132,59,2,
1260623,Группа в ухо,1,Классический,classic,133,58.5,2,
1179510,Чикаго,1,Классический,classic,134,58.5,2,
1179511,42,1,Классический,classic,135,58,2,
1179512,Мы есть Грут,1,Классический,classic,136,58,3,
1179513,Ежедневный Порок,1,Классический,classic,137,57,2,
1179514,Генераторы случайных ответов,1,Классический,classic,138,56.5,1,
1261287,Хоккупанты,1,Классический,classic,139,55.5,2,
1179515,Отцы и дети,1,Классический,classic,140,55,1,
1179516,На лайте,1,Классический,classic,141,54.5,2,
1179517,Pupsiki,1,Классический,classic,142,54,1,
1179518,Орден Феникса,1,Классический,classic,143,54,1,
1179519,Экзоскелеты в шкафу,1,Классический,classic,144,54,2,
1179520,Байкуш Букля,1,Классический,classic,145,53,1,
1179522,Капибары,1,Классический,classic,146,52,1,
1179521,Это качественный котик,1,Классический,classic,147,52,1,
1179523,"Шарим, но не гуглим",1,Классический,classic,148,51.5,1,
1179526,One Diva,1,Классический,classic,149,51,2,
1179525,Sigur imperialis,1,Классический,classic,150,51,1,
1179524,tolkoneslizerin,1,Классический,classic,151,51,2,
1264444,The Smartinies,1,Классический,classic,152,50.5,2,
1179527,VirA,1,Классический,classic,153,50,1,
1260627,67,1,Классический,classic,154,49.5,1,
1179529,Tamos Friends,1,Классический,classic,155,49,1,
1179530,"Алиса, пиво у меня!",1,Классический,classic,156,49,1,
1179528,Гранатовый браслет,1,Классический,classic,157,49,1,
1264445,"Маглы, но стараемся",1,Классический,classic,158,48.5,1,
1179531,Диди нахвамдис,1,Классический,classic,159,48,1,
1179532,Дикие громкие орки,1,Классический,classic,160,48,1,
1179535,"Двое в лодке, не считая кота",1,Классический,classic,161,47,2,
1179536,Дрим,1,Классический,classic,162,47,2,
1179533,Кошкин Дом,1,Классический,classic,163,47,1,
1179534,На приусе к победе,1,Классический,classic,164,47,2,
1179537,Три-в-ряд,1,Классический,classic,165,47,2,
1179540,S-Team,1,Классический,classic,166,46,1,
1179541,Восьмая Симфония Чайковского,1,Классический,classic,167,46,2,
1179539,Душистый хмель,1,Классический,classic,168,46,1,
1179538,Линкин Парк Юрского периода,1,Классический,classic,169,46,1,
1179542,Imperius Shadliq Sarayi,1,Классический,classic,170,45.5,1,
1179543,Тимбилдинг,1,Классический,classic,171,45.5,1,
1179544,Давайте думать!,1,Классический,classic,172,45,1,
1179545,Дружба народов,1,Классический,classic,173,45,2,
1179546,Синяя дыра,1,Классический,classic,174,44.5,1,
1179550,Amigos,1,Классический,classic,175,44,1,
1179549,Марш Паркинсона,1,Классический,classic,176,44,2,
1179548,Непаленые Интеллектуалы,1,Классический,classic,177,44,1,
1179547,СДВГэшницы,1,Классический,classic,178,44,1,
1179551,Бе ды с ба шкой,1,Классический,classic,179,43.5,1,
1179552,Devilopers,1,Классический,classic,180,43,1,
1179553,Котики Мебиуса,1,Классический,classic,181,43,1,
1179554,Гайан Рослинг,1,Классический,classic,182,42.5,1,
1179562,Maple leafs,1,Классический,classic,183,42,1,
1179563,Roots,1,Классический,classic,184,42,1,
1179555,WRTW,1,Классический,classic,185,42,1,
1179557,Здесь могла быть ваша реклама,1,Классический,classic,186,42,1,
1179558,"Куда, блин? To Dublin!",1,Классический,classic,187,42,1,
1179556,Лето у Бабушки,1,Классический,classic,188,42,1,
1179559,Но это не точно,1,Классический,classic,189,42,1,
1179561,Питер KZ,1,Классический,classic,190,42,1,
1179560,Пёс да Лис,1,Классический,classic,191,42,1,
1179564,Клыки Эдварда,1,Классический,classic,192,41.5,1,
1179567,Бакинские помидорчики,1,Классический,classic,193,41,1,
1179569,"Без паники, девочки!",1,Классический,classic,194,41,2,
1179572,Взрывные котята,1,Классический,classic,195,41,1,
1179568,И так сойдет!,1,Классический,classic,196,41,1,
1179565,КвизБи,1,Классический,classic,197,41,1,
1179570,Мой господин,1,Классический,classic,198,41,1,
1179571,Падающие в лифте,1,Классический,classic,199,41,1,
1179566,Хмели не сумели,1,Классический,classic,200,41,2,
1179573,Гызылсясляр,1,Классический,classic,201,40.5,1,
1179575,3х3,1,Классический,classic,202,39,1,
1179579,Simurq,1,Классический,classic,203,39,1,
1179576,В ДеЛе,1,Классический,classic,204,39,1,
1179577,МЭМО,1,Классический,classic,205,39,1,
1179578,Святой Кирпич Афонасий,1,Классический,classic,206,39,1,
1179574,Я и Бал Назгулей,1,Классический,classic,207,39,1,
1179580,Шашак,1,Классический,classic,208,38.5,1,
1179582,Double dates,1,Классический,classic,209,38,1,
1179585,Infinity,1,Классический,classic,210,38,2,
1228160,Kentucky Fried Popugi,1,Классический,classic,211,38,1,
1179584,LIME,1,Классический,classic,212,38,1,
1179586,На несерьезных щах,1,Классический,classic,213,38,1,
1179581,Почти угадали,1,Классический,classic,214,38,1,
1179587,Румпельштильцхен,1,Классический,classic,215,38,2,
1179583,Этого недостаточно,1,Классический,classic,216,38,1,
1228161,Казахский штурвал,1,Классический,classic,217,37.5,1,
1179589,Уральские пельмени,1,Классический,classic,218,37.5,1,
1179599,AZ-транафты,1,Классический,classic,219,37,1,
1179590,Onedent,1,Классический,classic,220,37,1,
1179594,Душнилы,1,Классический,classic,221,37,1,
1179595,Идеальные незнакомцы,1,Классический,classic,222,37,1,
1179596,Кандидатки истерических наук,1,Классический,classic,223,37,1,
1179597,Команда 7,1,Классический,classic,224,37,1,
1179593,ПТУ Гарварда,1,Классический,classic,225,37,1,
1179592,Прилетели на концерт One Republic,1,Классический,classic,226,37,1,
1179591,Розовые псы,1,Классический,classic,227,37,1,
1179598,Хырдалан,1,Классический,classic,228,37,1,
1179602,Бакинские дубни,1,Классический,classic,229,36.5,1,
1179601,Сидим без Дим,1,Классический,classic,230,36.5,1,
1179600,Цвитошкиии,1,Классический,classic,231,36.5,1,
1179613,Fam Ириска Денвер,1,Классический,classic,232,36,1,
1179603,Let it beer,1,Классический,classic,233,36,1,
1179609,А я говорил,1,Классический,classic,234,36,1,
1179605,Безлимит на косяки,1,Классический,classic,235,36,1,
1179604,Вы кто такие? Я вас не звал,1,Классический,classic,236,36,1,
1179608,ЗанятыеВТени,1,Классический,classic,237,36,1,
1278778,Муми-тролли,1,Классический,classic,238,36,1,
1179607,Мурзилки,1,Классический,classic,239,36,1,
1179610,Мушкетеры 20 лет спустя,1,Классический,classic,240,36,2,
1179606,Нужен отпуск,1,Классический,classic,241,36,1,
1179611,"Привет, Google!",1,Классический,classic,242,36,2,
1179612,Тыкай и Катя,1,Классический,classic,243,36,1,
1179614,2 слова на 1 букву,1,Классический,classic,244,35,1,
1179617,INFFA 100,1,Классический,classic,245,35,1,
1179620,Гастролеры,1,Классический,classic,246,35,1,
1179618,Матёрые Ф,1,Классический,classic,247,35,1,
1179619,Орден Феликса,1,Классический,classic,248,35,1,
1179621,Под вопросом,1,Классический,classic,249,35,1,
1179616,Пряник,1,Классический,classic,250,35,1,
1179615,Царская победа,1,Классический,classic,251,35,2,
1179622,Поттер-Инки,1,Классический,classic,252,34.5,1,
1260624,Умер от Варенья,1,Классический,classic,253,34.5,1,
1179627,Witches & Co,1,Классический,classic,254,34,1,
1179625,Диванный патриархат,1,Классический,classic,255,34,1,
1179623,Маглы,1,Классический,classic,256,34,1,
1179628,Малые Тюдоры,1,Классический,classic,257,34,1,
1179629,Потрачено,1,Классический,classic,258,34,1,
1179626,Ридикулус,1,Классический,classic,259,34,2,
1179624,Тяни-толкай,1,Классический,classic,260,34,1,
1179630,А у нас тоже есть птички,1,Классический,classic,261,33.5,1,
1179631,"Тащим, как можем",1,Классический,classic,262,33.5,1,
1267827,"Fine, I'll do it myself",1,Классический,classic,263,33,1,
1179634,Волжская Прохлада,1,Классический,classic,264,33,1,
1179632,Незнайки,1,Классический,classic,265,33,2,
1179633,Отверженные,1,Классический,classic,266,33,1,
1260628,мы тут случайно,1,Классический,classic,267,33,1,
1179635,Aqsaqqallar,1,Классический,classic,268,32.5,1,
1179639,ChaosDot.s,1,Классический,classic,269,32.5,2,
1179638,Адепта Сороритас,1,Классический,classic,270,32.5,1,
1224865,Бомбы Нереалки,1,Классический,classic,271,32.5,1,
1179637,Коллективный интеллект,1,Классический,classic,272,32.5,1,
1179636,Тригада,1,Классический,classic,273,32.5,1,
1179644,Dementia & Courage,1,Классический,classic,274,32,1,
1179640,Team Falcons,1,Классический,classic,275,32,1,
1179641,Travel,1,Классический,classic,276,32,1,
1179642,Единое инфополе,1,Классический,classic,277,32,1,
1179643,Мимизантропы,1,Классический,classic,278,32,1,
1179646,Сабинына Мама,1,Классический,classic,279,32,2,
1179645,Спроси у своей мамы,1,Классический,classic,280,32,1,
1179647,ГнатоЛогики,1,Классический,classic,281,31.5,1,
1179653,Girl Scout Cookies,1,Классический,classic,282,31,1,
1179649,Ka&Ko шинель,1,Классический,classic,283,31,1,
1179652,full house,1,Классический,classic,284,31,1,
1179651,В булочную на такси,1,Классический,classic,285,31,1,
1179650,Грозная семейка,1,Классический,classic,286,31,1,
1179648,Хомячки,1,Классический,classic,287,31,1,
1179655,Три извилины,1,Классический,classic,288,30.5,1,
1179654,Чик-чирик,1,Классический,classic,289,30.5,1,
1179658,50 оттенков Волдеморта,1,Классический,classic,290,30,1,
1179659,KemeroVovo,1,Классический,classic,291,30,1,
1179665,QR,1,Классический,classic,292,30,1,
1179657,Багодельня,1,Классический,classic,293,30,1,
1179661,Главное участие,1,Классический,classic,294,30,1,
1179662,Добрый вечер,1,Классический,classic,295,30,1,
1179663,Дюшбере,1,Классический,classic,296,30,1,
1179660,Каспийский Друзь,1,Классический,classic,297,30,1,
1179664,Силиконовая грудина,1,Классический,classic,298,30,1,
1278779,Синдром отличницы,1,Классический,classic,299,30,1,
1179656,Совет Элронда,1,Классический,classic,300,30,1,
1179666,Сборная Нефтеюганска,1,Классический,classic,301,29.5,1,
1179668,Банда,1,Классический,classic,302,29,1,
1179672,Все свои!,1,Классический,classic,303,29,1,
1179671,Доктор Хаус,1,Классический,classic,304,29,1,
1179676,Задорные белочки,1,Классический,classic,305,29,1,
1179667,Лямажоры,1,Классический,classic,306,29,2,
1179673,Мы на одну игру,1,Классический,classic,307,29,1,
1179674,Пока не придумали,1,Классический,classic,308,29,2,
1179669,Семейка,1,Классический,classic,309,29,1,
1179670,Убийцы приседа,1,Классический,classic,310,29,2,
1179675,ЯсаМальчики,1,Классический,classic,311,29,1,
1179677,Килл Билл,1,Классический,classic,312,28.5,1,
1179678,Случайные гении,1,Классический,classic,313,28.5,1,
1179683,Pirates of Caspian Sea,1,Классический,classic,314,28,1,
1179681,Вишванатан Ананд,1,Классический,classic,315,28,1,
1179684,Вроде не тупые,1,Классический,classic,316,28,1,
1179680,Дачники,1,Классический,classic,317,28,1,
1179685,Детский Моссадик,1,Классический,classic,318,28,1,
1179686,Зайчатки разума,1,Классический,classic,319,28,1,
1179687,"Мама, я играю в квиз, а не пью",1,Классический,classic,320,28,1,
1179682,Поцелуй всадницу,1,Классический,classic,321,28,1,
1228162,Только фанаты,1,Классический,classic,322,28,1,
1179688,Brauhaus,1,Классический,classic,323,27.5,1,
1179689,Сырпендир,1,Классический,classic,324,27.5,1,
1179692,ART BANDA,1,Классический,classic,325,27,1,
1179691,BRAINROT,1,Классический,classic,326,27,1,
1179694,Властелин капец,1,Классический,classic,327,27,1,
1179695,Доктор Манхэттен,1,Классический,classic,328,27,1,
1179696,"Сальвадор, удали!",1,Классический,classic,329,27,2,
1179690,Слабоумие и отвага,1,Классический,classic,330,27,1,
1179693,СтильБокс,1,Классический,classic,331,27,1,
1179697,Хмели Сумели,1,Классический,classic,332,27,1,
1179698,Yetims,1,Классический,classic,333,26.5,1,
1179699,Doomsday humidifier,1,Классический,classic,334,26,1,
1179707,Funtik i druzya,1,Классический,classic,335,26,1,
1179702,Game Hunters,1,Классический,classic,336,26,1,
1179701,Happy tree friends,1,Классический,classic,337,26,1,
1179703,Sensei,1,Классический,classic,338,26,1,
1179704,Белые и пушистые,1,Классический,classic,339,26,1,
1179705,Доктор Ватсон,1,Классический,classic,340,26,1,
1179700,Кринж команда,1,Классический,classic,341,26,1,
1179706,Щещенский городовой,1,Классический,classic,342,26,1,
1179708,Онлифрэндс,1,Классический,classic,343,25.5,1,
1179712,В квизе только девушки,1,Классический,classic,344,25,1,
1179715,Две столицы,1,Классический,classic,345,25,1,
1179711,Истинные Гриффиндорцы,1,Классический,classic,346,25,1,
1179714,Кладбище домашних животных,1,Классический,classic,347,25,1,
1179710,Разрушители легенд,1,Классический,classic,348,25,1,
1179709,Рубадий,1,Классический,classic,349,25,1,
1179717,Эрих и Мария Ремарк,1,Классический,classic,350,25,1,
1179713,быдюльки,1,Классический,classic,351,25,1,
1179716,млк 43,1,Классический,classic,352,25,2,
1179719,102-я,1,Классический,classic,353,24.5,1,
1179718,Мачо дача хата хаус,1,Классический,classic,354,24.5,1,
1179728,All in,1,Классический,classic,355,24,1,
1179729,Baeble,1,Классический,classic,356,24,1,
1179722,Quizbusters,1,Классический,classic,357,24,2,
1179721,trapazoidы,1,Классический,classic,358,24,1,
1179725,Антихайп on tour,1,Классический,classic,359,24,1,
1179726,Без перспективы,1,Классический,classic,360,24,1,
1179723,Надежда Замкадышева,1,Классический,classic,361,24,1,
1179724,Не болейте,1,Классический,classic,362,24,1,
1179720,Перелетные птицы,1,Классический,classic,363,24,1,
1179727,Тамара Закирова из Архангельска знает,1,Классический,classic,364,24,1,
1179733,Bulgarian mafia,1,Классический,classic,365,23,1,
1179730,Море по колено,1,Классический,classic,366,23,1,
1179732,Семейка Адамс,1,Классический,classic,367,23,1,
1179731,ЧФР КЛУЖ,1,Классический,classic,368,23,1,
1179734,Mercy,1,Классический,classic,369,22.5,1,
1179735,Авантюристки,1,Классический,classic,370,22.5,1,
1179737,Окнутые Люди,1,Классический,classic,371,22.5,1,
1179736,машнакнекс нагентсы,1,Классический,classic,372,22.5,1,
1179739,BEL,1,Классический,classic,373,22,1,
1179738,Ecool,1,Классический,classic,374,22,1,
1179741,Khazar-dum,1,Классический,classic,375,22,1,
1179743,Sciencely.baku,1,Классический,classic,376,22,1,
1179740,Кубик в кубе,1,Классический,classic,377,22,2,
1179742,По рецепту Эльнары,1,Классический,classic,378,22,1,
1179744,160 процентов смеха,1,Классический,classic,379,21.5,1,
1179745,Baku never sleeps,1,Классический,classic,380,21.5,1,
1260625,Пивозавры,1,Классический,classic,381,21.5,1,
1179746,мы все гуффи губер,1,Классический,classic,382,21.5,1,
1179747,Brainmates,1,Классический,classic,383,21,1,
1179754,Kroshki,1,Классический,classic,384,21,1,
1179758,"Like Father, Like Son",1,Классический,classic,385,21,1,
1179751,Packmen,1,Классический,classic,386,21,1,
1179753,Warner Sisters,1,Классический,classic,387,21,1,
1179752,Wine cheese,1,Классический,classic,388,21,1,
1179749,Квиздец,1,Классический,classic,389,21,1,
1179748,Любители,1,Классический,classic,390,21,1,
1179755,Метисы,1,Классический,classic,391,21,1,
1179756,НЕФТЬ,1,Классический,classic,392,21,1,
1179757,Пилигримы,1,Классический,classic,393,21,1,
1179750,Скуф и дети,1,Классический,classic,394,21,1,
1264446,Gossip Girls,1,Классический,classic,395,20.5,1,
1179760,"Сомнительно, но окей",1,Классический,classic,396,20.5,1,
1179759,СпокиНоки,1,Классический,classic,397,20.5,1,
1179764,Family look,1,Классический,classic,398,20,1,
1179766,Girls talk,1,Классический,classic,399,20,1,
1179763,ZeroSugar,1,Классический,classic,400,20,1,
1179765,Бывает и хуже,1,Классический,classic,401,20,1,
1179762,МИФ,1,Классический,classic,402,20,1,
1179767,Отряд Не Подающий Надежды,1,Классический,classic,403,20,1,
1179768,Понсю,1,Классический,classic,404,20,1,
1179761,Туган як,1,Классический,classic,405,20,1,
1179777,Orion,1,Классический,classic,406,19,1,
1179772,Админы,1,Классический,classic,407,19,1,
1179771,Два в квадрате,1,Классический,classic,408,19,1,
1179769,Знатоки на минималках,1,Классический,classic,409,19,1,
1179770,Крысы из Хогсмида,1,Классический,classic,410,19,1,
1179773,Люди в белом,1,Классический,classic,411,19,1,
1179774,Нерабочие гидранты,1,Классический,classic,412,19,1,
1179775,Твои Идеальные психи,1,Классический,classic,413,19,1,
1179776,Эмин и Чики,1,Классический,classic,414,19,1,
1179779,А кому сейчас легко?,1,Классический,classic,415,18.5,1,
1179778,Эврика,1,Классический,classic,416,18.5,1,
1179781,Noisy Team,1,Классический,classic,417,18,1,
1179784,Бархатные тяги,1,Классический,classic,418,18,1,
1179780,Бозбаш,1,Классический,classic,419,18,1,
1179782,ЛКАБ,1,Классический,classic,420,18,1,
1179785,Лемур,1,Классический,classic,421,18,1,
1179783,Отряд Пожирателей шоколадных лягушек,1,Классический,classic,422,18,1,
1179786,Питерские,1,Классический,classic,423,18,1,
1179787,Проиграли из-за Гасана,1,Классический,classic,424,18,1,
1179788,Соседские мозги,1,Классический,classic,425,18,1,
1179789,Халдан Тэрэф,1,Классический,classic,426,17.5,1,
1179791,Code blue,1,Классический,classic,427,17,1,
1179792,vKontakte+,1,Классический,classic,428,17,1,
1179794,Киргизские натуралы,1,Классический,classic,429,17,1,
1179793,Орден остроумия,1,Классический,classic,430,17,1,
1179790,Пепешнеле,1,Классический,classic,431,17,1,
1179799,BJORN,1,Классический,classic,432,16,1,
1179800,Premium,1,Классический,classic,433,16,1,
1179797,Джонни Первопроходец,1,Классический,classic,434,16,1,
1179798,Достать мозги,1,Классический,classic,435,16,1,
1179796,Дочки Делакур,1,Классический,classic,436,16,1,
1179795,Местами съедобно,1,Классический,classic,437,16,1,
1179813,Face Undercontrol,1,Классический,classic,438,15,1,
1179805,One Dent,1,Классический,classic,439,15,1,
1179806,Quiz Families,1,Классический,classic,440,15,1,
1179807,Xplosion,1,Классический,classic,441,15,1,
1179803,«ДайБиби» и проезжай,1,Классический,classic,442,15,1,
1179801,Коммуникаторы,1,Классический,classic,443,15,1,
1179808,Крепкий орешек,1,Классический,classic,444,15,1,
1179809,Ловцы победы,1,Классический,classic,445,15,1,
1179810,Мегамозги,1,Классический,classic,446,15,1,
1179811,Мишки Гамми,1,Классический,classic,447,15,1,
1179804,Общество мёртвых поэтов,1,Классический,classic,448,15,1,
1179812,С Донером по жизни,1,Классический,classic,449,15,1,
1179802,бесты,1,Классический,classic,450,15,1,
1179823,Jazz Bazz,1,Классический,classic,451,14,1,
1179821,Smart Escort,1,Классический,classic,452,14,1,
1179815,Волшебники на паузе,1,Классический,classic,453,14,1,
1179814,"Все нармальни, все харашо, ща...",1,Классический,classic,454,14,1,
1179817,Инженеры в декрете,1,Классический,classic,455,14,1,
1179822,Пасуля,1,Классический,classic,456,14,1,
1179819,Принцессы полукровки,1,Классический,classic,457,14,1,
1179820,Ромашки,1,Классический,classic,458,14,1,
1179818,Семья,1,Классический,classic,459,14,1,
1179816,Шмель,1,Классический,classic,460,14,1,
1179824,Ministry of Trivia,1,Классический,classic,461,13.5,1,
1179825,Gryffindor,1,Классический,classic,462,13,1,
1179829,Moriarty,1,Классический,classic,463,13,1,
1179827,Бэд Гёрлс Блю,1,Классический,classic,464,13,1,
1179828,Медички,1,Классический,classic,465,13,1,
1179830,Мультиварка,1,Классический,classic,466,13,1,
1179831,На пару,1,Классический,classic,467,13,1,
1179836,Party Team,1,Классический,classic,468,12,1,
1179835,Younger Now,1,Классический,classic,469,12,1,
1179833,Глубина Проработки,1,Классический,classic,470,12,1,
1179834,Дющпяря,1,Классический,classic,471,12,1,
1179837,Молодой Хырдалан,1,Классический,classic,472,12,1,
1179832,Тёмные личности,1,Классический,classic,473,12,1,
1179838,Кто там?,1,Классический,classic,474,11.5,1,
1179842,2+0,1,Классический,classic,475,11,1,
1179841,Ewwi,1,Классический,classic,476,11,1,
1179843,Troublebusters,1,Классический,classic,477,11,1,
1179844,Ventisette,1,Классический,classic,478,11,1,
1179840,Все все понимают,1,Классический,classic,479,11,1,
1179845,Офисные олимпийцы,1,Классический,classic,480,11,1,
1228163,Сейчас вспомним,1,Классический,classic,481,11,1,
1179839,Финита Инкантантум,1,Классический,classic,482,11,1,
1179846,Руслан и Марк и мы,1,Классический,classic,483,10.5,1,
1179851,Phoenix,1,Классический,classic,484,10,1,
1179852,Ugly Dolls,1,Классический,classic,485,10,1,
1179848,МОМЕНТООО МОРИИИ,1,Классический,classic,486,10,1,
1179850,"Мени сахламаг олар, гагаш",1,Классический,classic,487,10,1,
1179847,ПарселЛев,1,Классический,classic,488,10,1,
1179849,Печенеги,1,Классический,classic,489,10,1,
1179856,FIMA,1,Классический,classic,490,9,1,
1179858,Komanda pupsikov,1,Классический,classic,491,9,1,
1179853,cowabunga,1,Классический,classic,492,9,1,
1179857,Карл у Клары украл бокалы,1,Классический,classic,493,9,1,
1179854,Пираты Каспийского Моря,1,Классический,classic,494,9,1,
1179855,Старики - разбойники,1,Классический,classic,495,9,1,
1179860,CBGB,1,Классический,classic,496,8,1,
1179861,Old School,1,Классический,classic,497,8,1,
1179863,Бакинские волки,1,Классический,classic,498,8,1,
1179862,Два лучика,1,Классический,classic,499,8,1,
1179859,Мамочки,1,Классический,classic,500,8,1,
1179866,Amrahin qizlari,1,Классический,classic,501,7,1,
1179868,Mad potatoes,1,Классический,classic,502,7,1,
1179865,Timur&Co,1,Классический,classic,503,7,1,
1179867,Конфетки,1,Классический,classic,504,7,1,
1179864,Факультет хорошего настроения,1,Классический,classic,505,7,1,
1179869,Bubusiki,1,Классический,classic,506,6,1,
1179870,Бонжур Баку,1,Классический,classic,507,6,1,
1179872,Мафия,1,Классический,classic,508,5.5,1,
1179871,Умняшки,1,Классический,classic,509,5.5,1,
1179874,Атомы,1,Классический,classic,510,5,1,
1179873,Гриффиндочки,1,Классический,classic,511,5,1,
1179875,Пиши как хошь,1,Классический,classic,512,5,1,
1179876,Счастливы вместе,1,Классический,classic,513,5,1,
1179877,Джуманжи,1,Классический,classic,514,4,1,
1179878,Point Zero,1,Классический,classic,515,3,1,
1179879,Улви's sisters,1,Классический,classic,516,3,1,
1179880,"Лупа получил за Пупу, а Пупа за Лупу",1,Классический,classic,517,1,1,
1179881,СиЛа Мысли,1,Классический,classic,518,1,1,
1305051,Горячие Клавиши,1,Классический,classic,519,0,0,
1305053,Майнкрафт ЭТО МОЯ ЖИЗНЬ,1,Классический,classic,520,0,0,
1179143,Легенды Найт-сити,2,Кино и музыка,kim,1,4473.5,67,Платиновая пластинка
1179144,Колобки,2,Кино и музыка,kim,2,2829,46,3 золотая пластинка
1179145,НеВалдис Пельш,2,Кино и музыка,kim,3,2554,39,3 золотая пластинка
1179149,Слон В.,2,Кино и музыка,kim,4,2186,34,3 золотая пластинка
1179146,Team Rocket,2,Кино и музыка,kim,5,2177.5,33,3 золотая пластинка
1179147,Noldor,2,Кино и музыка,kim,6,2161,35,3 золотая пластинка
1179150,Ванси,2,Кино и музыка,kim,7,1909,33,2 золотая пластинка.
1179148,"Фуад, возле дома твоего",2,Кино и музыка,kim,8,1806,29,2 золотая пластинка.
1179152,Лоразепам,2,Кино и музыка,kim,9,1318.5,24,1 золотая пластинка
1179153,Kubachino,2,Кино и музыка,kim,10,1247.5,21,1 золотая пластинка
1179151,Littlestitious,2,Кино и музыка,kim,11,1220.5,23,1 золотая пластинка
1179154,Полный пи,2,Кино и музыка,kim,12,930.5,18,3 виниловая пластинка
1179155,XOD VER,2,Кино и музыка,kim,13,922.5,17,3 виниловая пластинка
1179156,Скрытый потанцевал,2,Кино и музыка,kim,14,866,18,3 виниловая пластинка
1179157,"Тащим, как можем",2,Кино и музыка,kim,15,726,17,3 виниловая пластинка
1179158,Мэттью Макконахи,2,Кино и музыка,kim,16,633.5,13,3 виниловая пластинка
1179159,"Да, Посол ты!",2,Кино и музыка,kim,17,573.5,11,3 виниловая пластинка
1179160,Без шансов,2,Кино и музыка,kim,18,538,14,3 виниловая пластинка
1179161,Философские дамы,2,Кино и музыка,kim,19,524,11,3 виниловая пластинка
1179162,Два балла за раунд,2,Кино и музыка,kim,20,434.5,8,2 виниловая пластинка
1179163,Byte Brawlers,2,Кино и музыка,kim,21,421.5,8,2 виниловая пластинка
1228018,"Паша, не пей",2,Кино и музыка,kim,22,376.5,10,2 виниловая пластинка
1179168,La Мышь,2,Кино и музыка,kim,23,375,9,2 виниловая пластинка
1179164,Разрушители Легенд,2,Кино и музыка,kim,24,342,8,2 виниловая пластинка
1179165,Штрих-коты,2,Кино и музыка,kim,25,323,9,2 виниловая пластинка
1179179,ТРИллер,2,Кино и музыка,kim,26,321,7,2 виниловая пластинка
1179166,Закон Мёрфи,2,Кино и музыка,kim,27,301,9,2 виниловая пластинка
1179167,Примерные сестры,2,Кино и музыка,kim,28,282.5,6,2 виниловая пластинка
1179169,Ракамакафо,2,Кино и музыка,kim,29,255.5,4,2 виниловая пластинка
1179175,Белочки,2,Кино и музыка,kim,30,234,6,1 виниловая пластинка
1179171,Король и Шут и мы,2,Кино и музыка,kim,31,214.5,4,1 виниловая пластинка
1179172,Узники Алкобара,2,Кино и музыка,kim,32,207,4,1 виниловая пластинка
1179173,Элвин и бурундуки,2,Кино и музыка,kim,33,195.5,5,1 виниловая пластинка
1179174,Мишки МУГАМи,2,Кино и музыка,kim,34,193.5,5,1 виниловая пластинка
1179176,Где Ёж?,2,Кино и музыка,kim,35,185,4,1 виниловая пластинка
1229574,Alt+F4,2,Кино и музыка,kim,36,181.5,4,1 виниловая пластинка
1222625,Meta-Ersa,2,Кино и музыка,kim,37,179.5,3,1 виниловая пластинка
1179177,Balagan,2,Кино и музыка,kim,38,171.5,4,1 виниловая пластинка
1179178,Как приручить Драко,2,Кино и музыка,kim,39,171,3,1 виниловая пластинка
1179180,Амур,2,Кино и музыка,kim,40,163,3,1 виниловая пластинка
1179181,ТаранКино,2,Кино и музыка,kim,41,150.5,3,1 виниловая пластинка
1179182,Ведуньи,2,Кино и музыка,kim,42,138.5,3,1 виниловая пластинка
1179183,Monopolisti,2,Кино и музыка,kim,43,133,4,1 виниловая пластинка
1179184,Сказки дедушки Приуса,2,Кино и музыка,kim,44,129.5,2,1 виниловая пластинка
1179185,Шерлок,2,Кино и музыка,kim,45,129,4,1 виниловая пластинка
1179186,"Догоняй, кетчуп!",2,Кино и музыка,kim,46,128.5,3,1 виниловая пластинка
1179237,Бывает и хуже,2,Кино и музыка,kim,47,128,2,1 виниловая пластинка
1179187,КепасаВамос,2,Кино и музыка,kim,48,120.5,2,1 виниловая пластинка
1179188,Komanda pupsikov,2,Кино и музыка,kim,49,118,4,1 виниловая пластинка
1179189,Крабовладельческий строй,2,Кино и музыка,kim,50,109.5,2,1 виниловая пластинка
1179190,Мимо проходили,2,Кино и музыка,kim,51,109.5,2,1 виниловая пластинка
1179191,Занесенные ветром,2,Кино и музыка,kim,52,101,2,1 виниловая пластинка
1179192,QuizMates,2,Кино и музыка,kim,53,100,3,1 виниловая пластинка
1179193,СиЛа мысли,2,Кино и музыка,kim,54,96,4,
1179194,Hellmommys Club,2,Кино и музыка,kim,55,95.5,2,
1179195,Камон Эврибади,2,Кино и музыка,kim,56,95.5,2,
1179196,Линкин Парк Юрского периода,2,Кино и музыка,kim,57,95,2,
1179197,Мэттью Макгонаггал,2,Кино и музыка,kim,58,91.5,2,
1179198,ToBeContinued,2,Кино и музыка,kim,59,90,3,
1179199,Культур-мультур,2,Кино и музыка,kim,60,89.5,2,
1179200,Полные Примерные Сёстры,2,Кино и музыка,kim,61,89,2,
1179201,Hellfire Club,2,Кино и музыка,kim,62,88.5,2,
1179202,Восьмая Симфония Чайковского,2,Кино и музыка,kim,63,87.5,3,
1179263,Леди Мага,2,Кино и музыка,kim,64,87.5,2,
1179203,Падающие в лифте,2,Кино и музыка,kim,65,86.5,2,
1229573,Крыса на палочке,2,Кино и музыка,kim,66,84,1,
1179205,3х3,2,Кино и музыка,kim,67,83.5,2,
1179204,Крошки-Мормошки,2,Кино и музыка,kim,68,83.5,1,
1179206,Кот Бегемот,2,Кино и музыка,kim,69,83,2,
1263434,Неглокая Куздра,2,Кино и музыка,kim,70,81,1,
1179287,Adams Family,2,Кино и музыка,kim,71,78.5,2,
1179207,Кубик в кубе,2,Кино и музыка,kim,72,75.5,2,
1179208,На приусе к победе,2,Кино и музыка,kim,73,74,2,
1179209,Залечь на дно в Шарапе,2,Кино и музыка,kim,74,73,1,
1179210,ЦПиКиО,2,Кино и музыка,kim,75,72,1,
1179211,Молодые Перспективные,2,Кино и музыка,kim,76,69.5,2,
1179212,Serial Killers,2,Кино и музыка,kim,77,69,1,
1179213,Ветер перемен,2,Кино и музыка,kim,78,67,1,
1229572,Шрэк Бандикут,2,Кино и музыка,kim,79,66,1,
1179214,"Итс Бритни, бич",2,Кино и музыка,kim,80,65,1,
1179215,Остатки роскоши,2,Кино и музыка,kim,81,63.5,1,
1179216,Teatr O2,2,Кино и музыка,kim,82,63,1,
1179218,Кусь!,2,Кино и музыка,kim,83,60.5,2,
1179219,Хомячки,2,Кино и музыка,kim,84,60,1,
1179312,Сочные дальневосточные,2,Кино и музыка,kim,85,58.5,2,
1179220,Xirdalan FC,2,Кино и музыка,kim,86,58,1,
1179221,Волосатый ряис,2,Кино и музыка,kim,87,57.5,1,
1179222,"Расскажи, Снегурочка, где пила?",2,Кино и музыка,kim,88,56,1,
1179223,Моряки,2,Кино и музыка,kim,89,54.5,2,
1179224,KukuBaku,2,Кино и музыка,kim,90,54,1,
1179225,Три-в-ряд,2,Кино и музыка,kim,91,53.5,1,
1179227,Blue water,2,Кино и музыка,kim,92,52.5,2,
1179226,Непорочное Объятие,2,Кино и музыка,kim,93,52.5,2,
1179228,Притон,2,Кино и музыка,kim,94,52.5,1,
1179229,Ecstasy,2,Кино и музыка,kim,95,52,1,
1179231,Остатки сладки,2,Кино и музыка,kim,96,51.5,1,
1179230,Отряд Дамблдора,2,Кино и музыка,kim,97,51.5,1,
1179232,Нымыхи ТиАВ,2,Кино и музыка,kim,98,51,2,
1179233,Коллеги по цеху,2,Кино и музыка,kim,99,50.5,1,
1179234,Бухля,2,Кино и музыка,kim,100,50,1,
1179235,Роза на кладбище,2,Кино и музыка,kim,101,49.5,1,
1179236,Уклонщики,2,Кино и музыка,kim,102,49.5,1,
1179238,Агата Крести,2,Кино и музыка,kim,103,49,1,
1179240,Demo-котики,2,Кино и музыка,kim,104,48,1,
1179241,RedBlackFamily,2,Кино и музыка,kim,105,48,1,
1179239,Багодельня,2,Кино и музыка,kim,106,48,1,
1179242,Girls Scout Cookies,2,Кино и музыка,kim,107,47.5,2,
1179243,Nessie,2,Кино и музыка,kim,108,47.5,1,
1228164,Эврика,2,Кино и музыка,kim,109,47.5,1,
1179246,ESTROGEN EXPRESS,2,Кино и музыка,kim,110,47,1,
1179247,L.R.N,2,Кино и музыка,kim,111,47,1,
1179248,Носок Добби,2,Кино и музыка,kim,112,47,1,
1179245,Обстановка по кайфу,2,Кино и музыка,kim,113,47,1,
1179249,Драко с Милфой,2,Кино и музыка,kim,114,46.5,1,
1179250,Forty Two Team,2,Кино и музыка,kim,115,46,1,
1179253,Mai Tai,2,Кино и музыка,kim,116,46,1,
1179251,А кому сейчас легко?,2,Кино и музыка,kim,117,46,1,
1179252,Люди в белом,2,Кино и музыка,kim,118,46,1,
1179254,День сурка,2,Кино и музыка,kim,119,45.5,1,
1179255,А я говорил,2,Кино и музыка,kim,120,45,1,
1179256,Travelers,2,Кино и музыка,kim,121,44.5,1,
1179259,QuizBusters,2,Кино и музыка,kim,122,44,1,
1179258,Очень странная команда,2,Кино и музыка,kim,123,44,1,
1179257,Пикми,2,Кино и музыка,kim,124,44,1,
1179260,Люля-Кебабочки,2,Кино и музыка,kim,125,43.5,1,
1179261,Мокрые бандиты,2,Кино и музыка,kim,126,43.5,1,
1179262,Подлизерин,2,Кино и музыка,kim,127,43.5,1,
1179265,НАЗЛО САБИНЕ!,2,Кино и музыка,kim,128,43,1,
1179264,Тупые козырьки,2,Кино и музыка,kim,129,43,1,
1179266,"Крисси, вэйк ап!",2,Кино и музыка,kim,130,42.5,1,
1179267,Прогнивший гроб,2,Кино и музыка,kim,131,42.5,1,
1179268,Сэкси бэк,2,Кино и музыка,kim,132,42.5,1,
1179269,Биба и Боба,2,Кино и музыка,kim,133,42,1,
1179271,Непоющие в терновнике,2,Кино и музыка,kim,134,42,1,
1179270,Я есть Грут,2,Кино и музыка,kim,135,42,1,
1179272,U2,2,Кино и музыка,kim,136,41.5,1,
1179274,Bad Boys,2,Кино и музыка,kim,137,41,1,
1179275,Паллетный оркестр,2,Кино и музыка,kim,138,41,1,
1179273,Синдром Отличницы,2,Кино и музыка,kim,139,41,1,
1179277,Hellfire Quiz Club,2,Кино и музыка,kim,140,40.5,1,
1179276,Sector 5,2,Кино и музыка,kim,141,40.5,1,
1179279,БакАл,2,Кино и музыка,kim,142,39.5,1,
1179278,Качки,2,Кино и музыка,kim,143,39.5,1,
1179280,Очень странные друзья,2,Кино и музыка,kim,144,39.5,1,
1179282,Наш первый раз,2,Кино и музыка,kim,145,39,1,
1179281,Узники Алкобаров,2,Кино и музыка,kim,146,39,1,
1179283,Баланс Белого,2,Кино и музыка,kim,147,38,1,
1179284,Тыц-Тыц,2,Кино и музыка,kim,148,38,1,
1179286,Без дублей,2,Кино и музыка,kim,149,37.5,1,
1179285,Незнакомцы,2,Кино и музыка,kim,150,37.5,1,
1179289,Головастики,2,Кино и музыка,kim,151,37,1,
1179288,Мы есть Грут,2,Кино и музыка,kim,152,37,1,
1179291,Филосовские дамы и господа,2,Кино и музыка,kim,153,37,1,
1179290,Царская победа,2,Кино и музыка,kim,154,37,1,
1179292,КОТОПЁС,2,Кино и музыка,kim,155,36.5,3,
1179293,Факультет Хорошего Настроения,2,Кино и музыка,kim,156,36.5,1,
1179296,need for spirt,2,Кино и музыка,kim,157,36,1,
1179295,Взрывные огурцы,2,Кино и музыка,kim,158,36,1,
1179297,Квизтофер Уолкен,2,Кино и музыка,kim,159,36,2,
1179294,Кролик и два удава,2,Кино и музыка,kim,160,36,1,
1179299,POV: мы не готовились,2,Кино и музыка,kim,161,35.5,1,
1179300,Два тУпика,2,Кино и музыка,kim,162,35.5,1,
1179302,Подумаем об этом завтра,2,Кино и музыка,kim,163,35.5,1,
1179301,Сёстры,2,Кино и музыка,kim,164,35.5,1,
1179298,Фантастическая четверка,2,Кино и музыка,kim,165,35.5,2,
1179303,NIRVANA,2,Кино и музыка,kim,166,35,1,
1179304,Адинэс,2,Кино и музыка,kim,167,35,1,
1179306,Орден Феникса,2,Кино и музыка,kim,168,35,1,
1179305,Хыррта-хыррт,2,Кино и музыка,kim,169,35,1,
1179307,Матёрые Ф,2,Кино и музыка,kim,170,34.5,1,
1179310,HB,2,Кино и музыка,kim,171,34,1,
1229571,Shabang,2,Кино и музыка,kim,172,34,1,
1179309,Команда Фас,2,Кино и музыка,kim,173,34,1,
1179308,Позже придумаем,2,Кино и музыка,kim,174,34,1,
1179311,Kate Bush,2,Кино и музыка,kim,175,33.5,1,
1179313,"наверное, точно",2,Кино и музыка,kim,176,33,1,
1179314,Фоукс,2,Кино и музыка,kim,177,32.5,1,
1179315,Широкий диапозон,2,Кино и музыка,kim,178,32.5,1,
1179319,"94,5 FN",2,Кино и музыка,kim,179,32,1,
1179318,Dusty Buns,2,Кино и музыка,kim,180,32,1,
1179321,Titanic,2,Кино и музыка,kim,181,32,1,
1179317,Джиз-быз,2,Кино и музыка,kim,182,32,1,
1179320,Мушкетёры 20 лет спустя,2,Кино и музыка,kim,183,32,1,
1179323,Побег из Сумгаита,2,Кино и музыка,kim,184,32,1,
1179316,Создание,2,Кино и музыка,kim,185,32,1,
1179322,Хинкали с мясом,2,Кино и музыка,kim,186,32,1,
1179324,Не напрягай извилины,2,Кино и музыка,kim,187,31.5,1,
1179325,"Те, кому нельзя наливать",2,Кино и музыка,kim,188,31,1,
1179326,Chetkie,2,Кино и музыка,kim,189,30.5,1,
1179328,ChaosDot.s,2,Кино и музыка,kim,190,30,1,
1179327,Черные плащи,2,Кино и музыка,kim,191,30,1,
1179329,Авада Кедавра,2,Кино и музыка,kim,192,29.5,1,
1179330,PITIPIWPIW WIW WIW,2,Кино и музыка,kim,193,29,1,
1179331,На лайте,2,Кино и музыка,kim,194,29,1,
1179332,Бракованные Братья,2,Кино и музыка,kim,195,28.5,1,
1179333,Только не Пуффендуй,2,Кино и музыка,kim,196,28.5,1,
1179335,Pelsh&Dolin,2,Кино и музыка,kim,197,28,1,
1179334,В поисках ДориTOS,2,Кино и музыка,kim,198,28,1,
1228019,Сельджан,2,Кино и музыка,kim,199,28,1,
1179337,Полнокровки,2,Кино и музыка,kim,200,27.5,1,
1179336,Фанаты Pottного,2,Кино и музыка,kim,201,27.5,1,
1179338,Гызылсясляр,2,Кино и музыка,kim,202,26.5,1,
1179343,Golden Team,2,Кино и музыка,kim,203,26,1,
1179340,oiiai,2,Кино и музыка,kim,204,26,1,
1179339,Запах Гарри,2,Кино и музыка,kim,205,26,1,
1179341,"Учишься балету, Поттер?!",2,Кино и музыка,kim,206,26,1,
1179342,Фабрика идей,2,Кино и музыка,kim,207,26,1,
1179344,Акуна Матата,2,Кино и музыка,kim,208,25.5,1,
1179345,Маглы,2,Кино и музыка,kim,209,25.5,1,
1179346,Вертится на языке,2,Кино и музыка,kim,210,25,1,
1179347,Лабубарышни,2,Кино и музыка,kim,211,25,1,
1179348,Prodigies,2,Кино и музыка,kim,212,24.5,1,
1179349,Пупок к пупку,2,Кино и музыка,kim,213,24.5,1,
1179350,GeekBrains,2,Кино и музыка,kim,214,24,1,
1179351,Mr and Mrs P.,2,Кино и музыка,kim,215,23.5,1,
1179353,Помяни моё слово Поттер,2,Кино и музыка,kim,216,23.5,1,
1179352,угарный газ,2,Кино и музыка,kim,217,23.5,1,
1179355,Balaxani Team,2,Кино и музыка,kim,218,23,1,
1179354,Поколение Y,2,Кино и музыка,kim,219,23,1,
1179356,Red flag,2,Кино и музыка,kim,220,22.5,1,
1179358,2+0,2,Кино и музыка,kim,221,22,1,
1179359,Old but gold,2,Кино и музыка,kim,222,22,1,
1179357,Ученики Вассермана,2,Кино и музыка,kim,223,22,1,
1179360,McLaren,2,Кино и музыка,kim,224,21,1,
1280816,Ангелы Чарли,2,Кино и музыка,kim,225,19,1,
1179361,Принцессы полукровки,2,Кино и музыка,kim,226,19,1,
1179362,Патронус,2,Кино и музыка,kim,227,18.5,1,
1179363,Сектумсемпра,2,Кино и музыка,kim,228,18,1,
1179364,"Тает лед, а мы нет",2,Кино и музыка,kim,229,17.5,1,
1179365,Две веселые пельмешки,2,Кино и музыка,kim,230,17,1,
1179366,Что здесь происходит?,2,Кино и музыка,kim,231,17,1,
1179368,Степашка и Ко.,2,Кино и музыка,kim,232,16.5,1,
1179367,Хазяева,2,Кино и музыка,kim,233,16.5,1,
1228021,Киноляпы,2,Кино и музыка,kim,234,14.5,1,
1179369,Friends of twins,2,Кино и музыка,kim,235,14,1,
1179370,LKAB,2,Кино и музыка,kim,236,13,1,
1179371,"Команда, которая выжила",2,Кино и музыка,kim,237,12.5,1,
1179372,Конь в пальто,2,Кино и музыка,kim,238,12,1,
1179373,рататуй,2,Кино и музыка,kim,239,12,1,
1179374,Трое в лодке не считая Васьки,2,Кино и музыка,kim,240,11,1,
1179376,Фундук,2,Кино и музыка,kim,241,8.5,1,
1179375,сумашедшие бурундуки,2,Кино и музыка,kim,242,8.5,1,
1179377,iWonderland,2,Кино и музыка,kim,243,7,1,
1179378,Вингардиум Левиоса,2,Кино и музыка,kim,244,6.5,1,
1179379,Зиринские Супер Модели,2,Кино и музыка,kim,245,6.5,1,
1179380,Крабоносы,2,Кино и музыка,kim,246,4.5,1,
